"propertyId","crawledAt","urlPart"
"330961","1759640459","330961/1759640459.json"
"330961","1759654979","330961/1759654979.json"
"330961","1759671136","330961/1759671136.json"
"330961","1759684032","330961/1759684032.json"
"330961","1759698137","330961/1759698137.json"
"330961","1759721270","330961/1759721270.json"
"330961","1759726568","330961/1759726568.json"
"330961","1759741371","330961/1759741371.json"
"330961","1759758807","330961/1759758807.json"
"330961","1759770162","330961/1759770162.json"
"330961","1759783855","330961/1759783855.json"
"330961","1759807820","330961/1759807820.json"
"330961","1759812852","330961/1759812852.json"
"330961","1759827857","330961/1759827857.json"
"330961","1759845249","330961/1759845249.json"
"330961","1759856599","330961/1759856599.json"
"330961","1759870185","330961/1759870185.json"
"330961","1759893678","330961/1759893678.json"
"330961","1759899248","330961/1759899248.json"
"330961","1759914254","330961/1759914254.json"
"330961","1759931587","330961/1759931587.json"
"330961","1759943012","330961/1759943012.json"
"330961","1759956636","330961/1759956636.json"
"330961","1759980322","330961/1759980322.json"
"330961","1759985665","330961/1759985665.json"
"330961","1760000569","330961/1760000569.json"
"330961","1760018225","330961/1760018225.json"
"330961","1760029558","330961/1760029558.json"
"330961","1760043100","330961/1760043100.json"
"330961","1760066707","330961/1760066707.json"
"330961","1760072134","330961/1760072134.json"
"330961","1760086935","330961/1760086935.json"
"330961","1760104187","330961/1760104187.json"
"330961","1760115609","330961/1760115609.json"
"330961","1760129295","330961/1760129295.json"
"330961","1760152549","330961/1760152549.json"
"330961","1760158226","330961/1760158226.json"
"330961","1760172918","330961/1760172918.json"
"330961","1760188628","330961/1760188628.json"
"330961","1760201530","330961/1760201530.json"
"330961","1760215534","330961/1760215534.json"
"330961","1760239640","330961/1760239640.json"
"330961","1760244780","330961/1760244780.json"
"330961","1760259143","330961/1760259143.json"
"330961","1760275241","330961/1760275241.json"
"330961","1760288074","330961/1760288074.json"
"330961","1760302015","330961/1760302015.json"
"330961","1760327217","330961/1760327217.json"
"330961","1760331346","330961/1760331346.json"
"330961","1760346537","330961/1760346537.json"
"330961","1760363735","330961/1760363735.json"
"330961","1760374894","330961/1760374894.json"
"330961","1760388717","330961/1760388717.json"
"330961","1760412258","330961/1760412258.json"
"330961","1760417746","330961/1760417746.json"
"330961","1760432621","330961/1760432621.json"
"330961","1760449958","330961/1760449958.json"
"330961","1760461419","330961/1760461419.json"
"330961","1760475084","330961/1760475084.json"
"330961","1760499011","330961/1760499011.json"
"330961","1760504254","330961/1760504254.json"
"330961","1760519373","330961/1760519373.json"
"330961","1760536795","330961/1760536795.json"
"330961","1760547608","330961/1760547608.json"
"330961","1760561709","330961/1760561709.json"
"330961","1760585398","330961/1760585398.json"
"330961","1760590506","330961/1760590506.json"
"330961","1760605664","330961/1760605664.json"
"330961","1760623043","330961/1760623043.json"
"330961","1760634207","330961/1760634207.json"
"330961","1760647879","330961/1760647879.json"
"330961","1760671521","330961/1760671521.json"
"330961","1760676883","330961/1760676883.json"
"330961","1760691795","330961/1760691795.json"
"330961","1760709085","330961/1760709085.json"
"330961","1760720584","330961/1760720584.json"
"330961","1760734301","330961/1760734301.json"
"330961","1760757483","330961/1760757483.json"
"330961","1760763248","330961/1760763248.json"
"330961","1760777826","330961/1760777826.json"
"330961","1760793766","330961/1760793766.json"
"330961","1760806474","330961/1760806474.json"
"330961","1760820568","330961/1760820568.json"
"330961","1760845813","330961/1760845813.json"
"330961","1760849931","330961/1760849931.json"
"330961","1760864242","330961/1760864242.json"
"330961","1760880039","330961/1760880039.json"
"330961","1760893010","330961/1760893010.json"
"330961","1760906899","330961/1760906899.json"
"330961","1760932370","330961/1760932370.json"
"330961","1760936468","330961/1760936468.json"
"330961","1760950992","330961/1760950992.json"
"330961","1760968469","330961/1760968469.json"
"330961","1760979952","330961/1760979952.json"
"330961","1760993598","330961/1760993598.json"
"330961","1761017431","330961/1761017431.json"
"330961","1761022638","330961/1761022638.json"
"330961","1761037783","330961/1761037783.json"
"330961","1761055462","330961/1761055462.json"
"330961","1761066132","330961/1761066132.json"
"330961","1761080176","330961/1761080176.json"
"330961","1761104883","330961/1761104883.json"
"330961","1761109194","330961/1761109194.json"
"330961","1761124146","330961/1761124146.json"
"330961","1761141679","330961/1761141679.json"
"330961","1761152810","330961/1761152810.json"
"330961","1761166452","330961/1761166452.json"
"330961","1761190296","330961/1761190296.json"
"330961","1761195308","330961/1761195308.json"
"330961","1761210445","330961/1761210445.json"
"330961","1761227944","330961/1761227944.json"
"330961","1761239077","330961/1761239077.json"
"330961","1761252651","330961/1761252651.json"
"330961","1761276431","330961/1761276431.json"
"330961","1761281784","330961/1761281784.json"
"330961","1761296819","330961/1761296819.json"
"330961","1761314233","330961/1761314233.json"
