"dormId","ratePlan","date","priceValue","priceCurrency","crawledAt","urlPart"
"645900","312320","2025-10-05","35.00","NZD","1759640662","6530/2025-10-05/1759640662.json"
"985111","854657","2025-10-05","35.00","NZD","1759640662","6530/2025-10-05/1759640662.json"
"645900","312320","2025-10-10","35.00","NZD","1759640662","6530/2025-10-10/1759640662.json"
"985111","854657","2025-10-11","35.00","NZD","1759640662","6530/2025-10-11/1759640662.json"
"645900","312320","2025-10-11","35.00","NZD","1759640662","6530/2025-10-11/1759640662.json"
"645900","312320","2025-10-12","35.00","NZD","1759640662","6530/2025-10-12/1759640662.json"
"985111","854657","2025-10-12","35.00","NZD","1759640662","6530/2025-10-12/1759640662.json"
"645900","312320","2025-10-13","35.00","NZD","1759640662","6530/2025-10-13/1759640662.json"
"985111","854657","2025-10-13","35.00","NZD","1759640662","6530/2025-10-13/1759640662.json"
"645900","312320","2025-10-14","35.00","NZD","1759640662","6530/2025-10-14/1759640662.json"
"985111","854657","2025-10-14","35.00","NZD","1759640662","6530/2025-10-14/1759640662.json"
"645900","312320","2025-10-15","35.00","NZD","1759640662","6530/2025-10-15/1759640662.json"
"985111","854657","2025-10-15","35.00","NZD","1759640662","6530/2025-10-15/1759640662.json"
"645900","312320","2025-10-16","35.00","NZD","1759640662","6530/2025-10-16/1759640662.json"
"985111","854657","2025-10-16","35.00","NZD","1759640662","6530/2025-10-16/1759640662.json"
"645900","312320","2025-10-17","35.00","NZD","1759640662","6530/2025-10-17/1759640662.json"
"985111","854657","2025-10-17","35.00","NZD","1759640662","6530/2025-10-17/1759640662.json"
"645900","312320","2025-10-18","35.00","NZD","1759640662","6530/2025-10-18/1759640662.json"
"985111","854657","2025-10-18","35.00","NZD","1759640662","6530/2025-10-18/1759640662.json"
"645900","312320","2025-10-19","35.00","NZD","1759640662","6530/2025-10-19/1759640662.json"
"985111","854657","2025-10-19","35.00","NZD","1759640662","6530/2025-10-19/1759640662.json"
"645900","312320","2025-10-20","35.00","NZD","1759640662","6530/2025-10-20/1759640662.json"
"985111","854657","2025-10-20","35.00","NZD","1759640662","6530/2025-10-20/1759640662.json"
"645900","312320","2025-10-21","35.00","NZD","1759640662","6530/2025-10-21/1759640662.json"
"985111","854657","2025-10-21","35.00","NZD","1759640662","6530/2025-10-21/1759640662.json"
"645900","312320","2025-10-22","35.00","NZD","1759640662","6530/2025-10-22/1759640662.json"
"985111","854657","2025-10-22","35.00","NZD","1759640662","6530/2025-10-22/1759640662.json"
"645900","312320","2025-10-23","35.00","NZD","1759640662","6530/2025-10-23/1759640662.json"
"985111","854657","2025-10-23","35.00","NZD","1759640662","6530/2025-10-23/1759640662.json"
"645900","312320","2025-10-24","35.00","NZD","1759640662","6530/2025-10-24/1759640662.json"
"985111","854657","2025-10-24","35.00","NZD","1759640662","6530/2025-10-24/1759640662.json"
"645900","312320","2025-10-25","35.00","NZD","1759640662","6530/2025-10-25/1759640662.json"
"985111","854657","2025-10-25","35.00","NZD","1759640662","6530/2025-10-25/1759640662.json"
"645900","312320","2025-10-26","35.00","NZD","1759640662","6530/2025-10-26/1759640662.json"
"985111","854657","2025-10-26","35.00","NZD","1759640662","6530/2025-10-26/1759640662.json"
"645900","312320","2025-10-27","35.00","NZD","1759640662","6530/2025-10-27/1759640662.json"
"985111","854657","2025-10-27","35.00","NZD","1759640662","6530/2025-10-27/1759640662.json"
"645900","312320","2025-10-28","35.00","NZD","1759640662","6530/2025-10-28/1759640662.json"
"985111","854657","2025-10-28","35.00","NZD","1759640662","6530/2025-10-28/1759640662.json"
"645900","312320","2025-10-29","35.00","NZD","1759640662","6530/2025-10-29/1759640662.json"
"985111","854657","2025-10-29","35.00","NZD","1759640662","6530/2025-10-29/1759640662.json"
"645900","312320","2025-10-30","35.00","NZD","1759640662","6530/2025-10-30/1759640662.json"
"985111","854657","2025-10-30","35.00","NZD","1759640662","6530/2025-10-30/1759640662.json"
"645900","312320","2025-10-31","35.00","NZD","1759640662","6530/2025-10-31/1759640662.json"
"985111","854657","2025-10-31","42.00","NZD","1759640662","6530/2025-10-31/1759640662.json"
"985111","854657","2025-11-01","38.00","NZD","1759640662","6530/2025-11-01/1759640662.json"
"645900","312320","2025-11-01","38.00","NZD","1759640662","6530/2025-11-01/1759640662.json"
"985111","854657","2025-11-02","38.00","NZD","1759640662","6530/2025-11-02/1759640662.json"
"645900","312320","2025-11-02","38.00","NZD","1759640662","6530/2025-11-02/1759640662.json"
"985111","854657","2025-11-03","38.00","NZD","1759640662","6530/2025-11-03/1759640662.json"
"645900","312320","2025-11-03","38.00","NZD","1759640662","6530/2025-11-03/1759640662.json"
"985111","854657","2025-11-04","38.00","NZD","1759640662","6530/2025-11-04/1759640662.json"
"645900","312320","2025-11-04","38.00","NZD","1759640662","6530/2025-11-04/1759640662.json"
"645900","312320","2025-10-05","35.00","NZD","1759655199","6530/2025-10-05/1759655199.json"
"985111","854657","2025-10-05","35.00","NZD","1759655199","6530/2025-10-05/1759655199.json"
"645900","312320","2025-10-10","35.00","NZD","1759655199","6530/2025-10-10/1759655199.json"
"985111","854657","2025-10-11","35.00","NZD","1759655199","6530/2025-10-11/1759655199.json"
"645900","312320","2025-10-11","35.00","NZD","1759655199","6530/2025-10-11/1759655199.json"
"645900","312320","2025-10-12","35.00","NZD","1759655199","6530/2025-10-12/1759655199.json"
"985111","854657","2025-10-12","35.00","NZD","1759655199","6530/2025-10-12/1759655199.json"
"645900","312320","2025-10-13","35.00","NZD","1759655199","6530/2025-10-13/1759655199.json"
"985111","854657","2025-10-13","35.00","NZD","1759655199","6530/2025-10-13/1759655199.json"
"645900","312320","2025-10-14","35.00","NZD","1759655199","6530/2025-10-14/1759655199.json"
"985111","854657","2025-10-14","35.00","NZD","1759655199","6530/2025-10-14/1759655199.json"
"645900","312320","2025-10-15","35.00","NZD","1759655199","6530/2025-10-15/1759655199.json"
"985111","854657","2025-10-15","35.00","NZD","1759655199","6530/2025-10-15/1759655199.json"
"645900","312320","2025-10-16","35.00","NZD","1759655199","6530/2025-10-16/1759655199.json"
"985111","854657","2025-10-16","35.00","NZD","1759655199","6530/2025-10-16/1759655199.json"
"645900","312320","2025-10-17","35.00","NZD","1759655199","6530/2025-10-17/1759655199.json"
"985111","854657","2025-10-17","35.00","NZD","1759655199","6530/2025-10-17/1759655199.json"
"645900","312320","2025-10-18","35.00","NZD","1759655199","6530/2025-10-18/1759655199.json"
"985111","854657","2025-10-18","35.00","NZD","1759655199","6530/2025-10-18/1759655199.json"
"645900","312320","2025-10-19","35.00","NZD","1759655199","6530/2025-10-19/1759655199.json"
"985111","854657","2025-10-19","35.00","NZD","1759655199","6530/2025-10-19/1759655199.json"
"645900","312320","2025-10-20","35.00","NZD","1759655199","6530/2025-10-20/1759655199.json"
"985111","854657","2025-10-20","35.00","NZD","1759655199","6530/2025-10-20/1759655199.json"
"645900","312320","2025-10-21","35.00","NZD","1759655199","6530/2025-10-21/1759655199.json"
"985111","854657","2025-10-21","35.00","NZD","1759655199","6530/2025-10-21/1759655199.json"
"645900","312320","2025-10-22","35.00","NZD","1759655199","6530/2025-10-22/1759655199.json"
"985111","854657","2025-10-22","35.00","NZD","1759655199","6530/2025-10-22/1759655199.json"
"645900","312320","2025-10-23","35.00","NZD","1759655199","6530/2025-10-23/1759655199.json"
"985111","854657","2025-10-23","35.00","NZD","1759655199","6530/2025-10-23/1759655199.json"
"645900","312320","2025-10-24","35.00","NZD","1759655199","6530/2025-10-24/1759655199.json"
"985111","854657","2025-10-24","35.00","NZD","1759655199","6530/2025-10-24/1759655199.json"
"645900","312320","2025-10-25","35.00","NZD","1759655199","6530/2025-10-25/1759655199.json"
"985111","854657","2025-10-25","35.00","NZD","1759655199","6530/2025-10-25/1759655199.json"
"645900","312320","2025-10-26","35.00","NZD","1759655199","6530/2025-10-26/1759655199.json"
"985111","854657","2025-10-26","35.00","NZD","1759655199","6530/2025-10-26/1759655199.json"
"645900","312320","2025-10-27","35.00","NZD","1759655199","6530/2025-10-27/1759655199.json"
"985111","854657","2025-10-27","35.00","NZD","1759655199","6530/2025-10-27/1759655199.json"
"645900","312320","2025-10-28","35.00","NZD","1759655199","6530/2025-10-28/1759655199.json"
"985111","854657","2025-10-28","35.00","NZD","1759655199","6530/2025-10-28/1759655199.json"
"645900","312320","2025-10-29","35.00","NZD","1759655199","6530/2025-10-29/1759655199.json"
"985111","854657","2025-10-29","35.00","NZD","1759655199","6530/2025-10-29/1759655199.json"
"645900","312320","2025-10-30","35.00","NZD","1759655199","6530/2025-10-30/1759655199.json"
"985111","854657","2025-10-30","35.00","NZD","1759655199","6530/2025-10-30/1759655199.json"
"645900","312320","2025-10-31","35.00","NZD","1759655199","6530/2025-10-31/1759655199.json"
"985111","854657","2025-10-31","42.00","NZD","1759655199","6530/2025-10-31/1759655199.json"
"985111","854657","2025-11-01","38.00","NZD","1759655199","6530/2025-11-01/1759655199.json"
"645900","312320","2025-11-01","38.00","NZD","1759655199","6530/2025-11-01/1759655199.json"
"985111","854657","2025-11-02","38.00","NZD","1759655199","6530/2025-11-02/1759655199.json"
"645900","312320","2025-11-02","38.00","NZD","1759655199","6530/2025-11-02/1759655199.json"
"985111","854657","2025-11-03","38.00","NZD","1759655199","6530/2025-11-03/1759655199.json"
"645900","312320","2025-11-03","38.00","NZD","1759655199","6530/2025-11-03/1759655199.json"
"985111","854657","2025-11-04","38.00","NZD","1759655199","6530/2025-11-04/1759655199.json"
"645900","312320","2025-11-04","38.00","NZD","1759655199","6530/2025-11-04/1759655199.json"
"645900","312320","2025-10-10","35.00","NZD","1759671369","6530/2025-10-10/1759671369.json"
"985111","854657","2025-10-11","35.00","NZD","1759671369","6530/2025-10-11/1759671369.json"
"645900","312320","2025-10-11","35.00","NZD","1759671369","6530/2025-10-11/1759671369.json"
"645900","312320","2025-10-12","35.00","NZD","1759671369","6530/2025-10-12/1759671369.json"
"985111","854657","2025-10-12","35.00","NZD","1759671369","6530/2025-10-12/1759671369.json"
"645900","312320","2025-10-13","35.00","NZD","1759671369","6530/2025-10-13/1759671369.json"
"985111","854657","2025-10-13","35.00","NZD","1759671369","6530/2025-10-13/1759671369.json"
"645900","312320","2025-10-14","35.00","NZD","1759671369","6530/2025-10-14/1759671369.json"
"985111","854657","2025-10-14","35.00","NZD","1759671369","6530/2025-10-14/1759671369.json"
"645900","312320","2025-10-15","35.00","NZD","1759671369","6530/2025-10-15/1759671369.json"
"985111","854657","2025-10-15","35.00","NZD","1759671369","6530/2025-10-15/1759671369.json"
"645900","312320","2025-10-16","35.00","NZD","1759671369","6530/2025-10-16/1759671369.json"
"985111","854657","2025-10-16","35.00","NZD","1759671369","6530/2025-10-16/1759671369.json"
"645900","312320","2025-10-17","35.00","NZD","1759671369","6530/2025-10-17/1759671369.json"
"985111","854657","2025-10-17","35.00","NZD","1759671369","6530/2025-10-17/1759671369.json"
"645900","312320","2025-10-18","35.00","NZD","1759671369","6530/2025-10-18/1759671369.json"
"985111","854657","2025-10-18","35.00","NZD","1759671369","6530/2025-10-18/1759671369.json"
"645900","312320","2025-10-19","35.00","NZD","1759671369","6530/2025-10-19/1759671369.json"
"985111","854657","2025-10-19","35.00","NZD","1759671369","6530/2025-10-19/1759671369.json"
"645900","312320","2025-10-20","35.00","NZD","1759671369","6530/2025-10-20/1759671369.json"
"985111","854657","2025-10-20","35.00","NZD","1759671369","6530/2025-10-20/1759671369.json"
"645900","312320","2025-10-21","35.00","NZD","1759671369","6530/2025-10-21/1759671369.json"
"985111","854657","2025-10-21","35.00","NZD","1759671369","6530/2025-10-21/1759671369.json"
"645900","312320","2025-10-22","35.00","NZD","1759671369","6530/2025-10-22/1759671369.json"
"985111","854657","2025-10-22","35.00","NZD","1759671369","6530/2025-10-22/1759671369.json"
"645900","312320","2025-10-23","35.00","NZD","1759671369","6530/2025-10-23/1759671369.json"
"985111","854657","2025-10-23","35.00","NZD","1759671369","6530/2025-10-23/1759671369.json"
"645900","312320","2025-10-24","35.00","NZD","1759671369","6530/2025-10-24/1759671369.json"
"985111","854657","2025-10-24","35.00","NZD","1759671369","6530/2025-10-24/1759671369.json"
"645900","312320","2025-10-25","35.00","NZD","1759671369","6530/2025-10-25/1759671369.json"
"985111","854657","2025-10-25","35.00","NZD","1759671369","6530/2025-10-25/1759671369.json"
"645900","312320","2025-10-26","35.00","NZD","1759671369","6530/2025-10-26/1759671369.json"
"985111","854657","2025-10-26","35.00","NZD","1759671369","6530/2025-10-26/1759671369.json"
"645900","312320","2025-10-27","35.00","NZD","1759671369","6530/2025-10-27/1759671369.json"
"985111","854657","2025-10-27","35.00","NZD","1759671369","6530/2025-10-27/1759671369.json"
"645900","312320","2025-10-28","35.00","NZD","1759671369","6530/2025-10-28/1759671369.json"
"985111","854657","2025-10-28","35.00","NZD","1759671369","6530/2025-10-28/1759671369.json"
"645900","312320","2025-10-29","35.00","NZD","1759671369","6530/2025-10-29/1759671369.json"
"985111","854657","2025-10-29","35.00","NZD","1759671369","6530/2025-10-29/1759671369.json"
"645900","312320","2025-10-30","35.00","NZD","1759671369","6530/2025-10-30/1759671369.json"
"985111","854657","2025-10-30","35.00","NZD","1759671369","6530/2025-10-30/1759671369.json"
"645900","312320","2025-10-31","35.00","NZD","1759671369","6530/2025-10-31/1759671369.json"
"985111","854657","2025-10-31","42.00","NZD","1759671369","6530/2025-10-31/1759671369.json"
"985111","854657","2025-11-01","38.00","NZD","1759671369","6530/2025-11-01/1759671369.json"
"645900","312320","2025-11-01","38.00","NZD","1759671369","6530/2025-11-01/1759671369.json"
"985111","854657","2025-11-02","38.00","NZD","1759671369","6530/2025-11-02/1759671369.json"
"645900","312320","2025-11-02","38.00","NZD","1759671369","6530/2025-11-02/1759671369.json"
"985111","854657","2025-11-03","38.00","NZD","1759671369","6530/2025-11-03/1759671369.json"
"645900","312320","2025-11-03","38.00","NZD","1759671369","6530/2025-11-03/1759671369.json"
"985111","854657","2025-11-04","38.00","NZD","1759671369","6530/2025-11-04/1759671369.json"
"645900","312320","2025-11-04","38.00","NZD","1759671369","6530/2025-11-04/1759671369.json"
"645900","312320","2025-10-10","35.00","NZD","1759684257","6530/2025-10-10/1759684257.json"
"985111","854657","2025-10-11","35.00","NZD","1759684257","6530/2025-10-11/1759684257.json"
"645900","312320","2025-10-11","35.00","NZD","1759684257","6530/2025-10-11/1759684257.json"
"645900","312320","2025-10-12","35.00","NZD","1759684257","6530/2025-10-12/1759684257.json"
"985111","854657","2025-10-12","35.00","NZD","1759684257","6530/2025-10-12/1759684257.json"
"645900","312320","2025-10-13","35.00","NZD","1759684257","6530/2025-10-13/1759684257.json"
"985111","854657","2025-10-13","35.00","NZD","1759684257","6530/2025-10-13/1759684257.json"
"645900","312320","2025-10-14","35.00","NZD","1759684257","6530/2025-10-14/1759684257.json"
"985111","854657","2025-10-14","35.00","NZD","1759684257","6530/2025-10-14/1759684257.json"
"645900","312320","2025-10-15","35.00","NZD","1759684257","6530/2025-10-15/1759684257.json"
"985111","854657","2025-10-15","35.00","NZD","1759684257","6530/2025-10-15/1759684257.json"
"645900","312320","2025-10-16","35.00","NZD","1759684257","6530/2025-10-16/1759684257.json"
"985111","854657","2025-10-16","35.00","NZD","1759684257","6530/2025-10-16/1759684257.json"
"645900","312320","2025-10-17","35.00","NZD","1759684257","6530/2025-10-17/1759684257.json"
"985111","854657","2025-10-17","35.00","NZD","1759684257","6530/2025-10-17/1759684257.json"
"645900","312320","2025-10-18","35.00","NZD","1759684257","6530/2025-10-18/1759684257.json"
"985111","854657","2025-10-18","35.00","NZD","1759684257","6530/2025-10-18/1759684257.json"
"645900","312320","2025-10-19","35.00","NZD","1759684257","6530/2025-10-19/1759684257.json"
"985111","854657","2025-10-19","35.00","NZD","1759684257","6530/2025-10-19/1759684257.json"
"645900","312320","2025-10-20","35.00","NZD","1759684257","6530/2025-10-20/1759684257.json"
"985111","854657","2025-10-20","35.00","NZD","1759684257","6530/2025-10-20/1759684257.json"
"645900","312320","2025-10-21","35.00","NZD","1759684257","6530/2025-10-21/1759684257.json"
"985111","854657","2025-10-21","35.00","NZD","1759684257","6530/2025-10-21/1759684257.json"
"645900","312320","2025-10-22","35.00","NZD","1759684257","6530/2025-10-22/1759684257.json"
"985111","854657","2025-10-22","35.00","NZD","1759684257","6530/2025-10-22/1759684257.json"
"645900","312320","2025-10-23","35.00","NZD","1759684257","6530/2025-10-23/1759684257.json"
"985111","854657","2025-10-23","35.00","NZD","1759684257","6530/2025-10-23/1759684257.json"
"645900","312320","2025-10-24","35.00","NZD","1759684257","6530/2025-10-24/1759684257.json"
"985111","854657","2025-10-24","35.00","NZD","1759684257","6530/2025-10-24/1759684257.json"
"645900","312320","2025-10-25","35.00","NZD","1759684257","6530/2025-10-25/1759684257.json"
"985111","854657","2025-10-25","35.00","NZD","1759684257","6530/2025-10-25/1759684257.json"
"645900","312320","2025-10-26","35.00","NZD","1759684257","6530/2025-10-26/1759684257.json"
"985111","854657","2025-10-26","35.00","NZD","1759684257","6530/2025-10-26/1759684257.json"
"645900","312320","2025-10-27","35.00","NZD","1759684257","6530/2025-10-27/1759684257.json"
"985111","854657","2025-10-27","35.00","NZD","1759684257","6530/2025-10-27/1759684257.json"
"645900","312320","2025-10-28","35.00","NZD","1759684257","6530/2025-10-28/1759684257.json"
"985111","854657","2025-10-28","35.00","NZD","1759684257","6530/2025-10-28/1759684257.json"
"645900","312320","2025-10-29","35.00","NZD","1759684257","6530/2025-10-29/1759684257.json"
"985111","854657","2025-10-29","35.00","NZD","1759684257","6530/2025-10-29/1759684257.json"
"645900","312320","2025-10-30","35.00","NZD","1759684257","6530/2025-10-30/1759684257.json"
"985111","854657","2025-10-30","35.00","NZD","1759684257","6530/2025-10-30/1759684257.json"
"645900","312320","2025-10-31","35.00","NZD","1759684257","6530/2025-10-31/1759684257.json"
"985111","854657","2025-10-31","42.00","NZD","1759684257","6530/2025-10-31/1759684257.json"
"985111","854657","2025-11-01","38.00","NZD","1759684257","6530/2025-11-01/1759684257.json"
"645900","312320","2025-11-01","38.00","NZD","1759684257","6530/2025-11-01/1759684257.json"
"985111","854657","2025-11-02","38.00","NZD","1759684257","6530/2025-11-02/1759684257.json"
"645900","312320","2025-11-02","38.00","NZD","1759684257","6530/2025-11-02/1759684257.json"
"985111","854657","2025-11-03","38.00","NZD","1759684257","6530/2025-11-03/1759684257.json"
"645900","312320","2025-11-03","38.00","NZD","1759684257","6530/2025-11-03/1759684257.json"
"985111","854657","2025-11-04","38.00","NZD","1759684257","6530/2025-11-04/1759684257.json"
"645900","312320","2025-11-04","38.00","NZD","1759684257","6530/2025-11-04/1759684257.json"
"645900","312320","2025-10-10","35.00","NZD","1759698443","6530/2025-10-10/1759698443.json"
"985111","854657","2025-10-11","35.00","NZD","1759698443","6530/2025-10-11/1759698443.json"
"645900","312320","2025-10-11","35.00","NZD","1759698443","6530/2025-10-11/1759698443.json"
"645900","312320","2025-10-12","35.00","NZD","1759698443","6530/2025-10-12/1759698443.json"
"985111","854657","2025-10-12","35.00","NZD","1759698443","6530/2025-10-12/1759698443.json"
"645900","312320","2025-10-13","35.00","NZD","1759698443","6530/2025-10-13/1759698443.json"
"985111","854657","2025-10-13","35.00","NZD","1759698443","6530/2025-10-13/1759698443.json"
"645900","312320","2025-10-14","35.00","NZD","1759698443","6530/2025-10-14/1759698443.json"
"985111","854657","2025-10-14","35.00","NZD","1759698443","6530/2025-10-14/1759698443.json"
"645900","312320","2025-10-15","35.00","NZD","1759698443","6530/2025-10-15/1759698443.json"
"985111","854657","2025-10-15","35.00","NZD","1759698443","6530/2025-10-15/1759698443.json"
"645900","312320","2025-10-16","35.00","NZD","1759698443","6530/2025-10-16/1759698443.json"
"985111","854657","2025-10-16","35.00","NZD","1759698443","6530/2025-10-16/1759698443.json"
"645900","312320","2025-10-17","35.00","NZD","1759698443","6530/2025-10-17/1759698443.json"
"985111","854657","2025-10-17","35.00","NZD","1759698443","6530/2025-10-17/1759698443.json"
"645900","312320","2025-10-18","35.00","NZD","1759698443","6530/2025-10-18/1759698443.json"
"985111","854657","2025-10-18","35.00","NZD","1759698443","6530/2025-10-18/1759698443.json"
"645900","312320","2025-10-19","35.00","NZD","1759698443","6530/2025-10-19/1759698443.json"
"985111","854657","2025-10-19","35.00","NZD","1759698443","6530/2025-10-19/1759698443.json"
"645900","312320","2025-10-20","35.00","NZD","1759698443","6530/2025-10-20/1759698443.json"
"985111","854657","2025-10-20","35.00","NZD","1759698443","6530/2025-10-20/1759698443.json"
"645900","312320","2025-10-21","35.00","NZD","1759698443","6530/2025-10-21/1759698443.json"
"985111","854657","2025-10-21","35.00","NZD","1759698443","6530/2025-10-21/1759698443.json"
"645900","312320","2025-10-22","35.00","NZD","1759698443","6530/2025-10-22/1759698443.json"
"985111","854657","2025-10-22","35.00","NZD","1759698443","6530/2025-10-22/1759698443.json"
"645900","312320","2025-10-23","35.00","NZD","1759698443","6530/2025-10-23/1759698443.json"
"985111","854657","2025-10-23","35.00","NZD","1759698443","6530/2025-10-23/1759698443.json"
"645900","312320","2025-10-24","35.00","NZD","1759698443","6530/2025-10-24/1759698443.json"
"985111","854657","2025-10-24","35.00","NZD","1759698443","6530/2025-10-24/1759698443.json"
"645900","312320","2025-10-25","35.00","NZD","1759698443","6530/2025-10-25/1759698443.json"
"985111","854657","2025-10-25","35.00","NZD","1759698443","6530/2025-10-25/1759698443.json"
"645900","312320","2025-10-26","35.00","NZD","1759698443","6530/2025-10-26/1759698443.json"
"985111","854657","2025-10-26","35.00","NZD","1759698443","6530/2025-10-26/1759698443.json"
"645900","312320","2025-10-27","35.00","NZD","1759698443","6530/2025-10-27/1759698443.json"
"985111","854657","2025-10-27","35.00","NZD","1759698443","6530/2025-10-27/1759698443.json"
"645900","312320","2025-10-28","35.00","NZD","1759698443","6530/2025-10-28/1759698443.json"
"985111","854657","2025-10-28","35.00","NZD","1759698443","6530/2025-10-28/1759698443.json"
"645900","312320","2025-10-29","35.00","NZD","1759698443","6530/2025-10-29/1759698443.json"
"985111","854657","2025-10-29","35.00","NZD","1759698443","6530/2025-10-29/1759698443.json"
"645900","312320","2025-10-30","35.00","NZD","1759698443","6530/2025-10-30/1759698443.json"
"985111","854657","2025-10-30","35.00","NZD","1759698443","6530/2025-10-30/1759698443.json"
"645900","312320","2025-10-31","35.00","NZD","1759698443","6530/2025-10-31/1759698443.json"
"985111","854657","2025-10-31","42.00","NZD","1759698443","6530/2025-10-31/1759698443.json"
"985111","854657","2025-11-01","38.00","NZD","1759698443","6530/2025-11-01/1759698443.json"
"645900","312320","2025-11-01","38.00","NZD","1759698443","6530/2025-11-01/1759698443.json"
"985111","854657","2025-11-02","38.00","NZD","1759698443","6530/2025-11-02/1759698443.json"
"645900","312320","2025-11-02","38.00","NZD","1759698443","6530/2025-11-02/1759698443.json"
"985111","854657","2025-11-03","38.00","NZD","1759698443","6530/2025-11-03/1759698443.json"
"645900","312320","2025-11-03","38.00","NZD","1759698443","6530/2025-11-03/1759698443.json"
"985111","854657","2025-11-04","38.00","NZD","1759698443","6530/2025-11-04/1759698443.json"
"645900","312320","2025-11-04","38.00","NZD","1759698443","6530/2025-11-04/1759698443.json"
"985111","854657","2025-10-11","35.00","NZD","1759721424","6530/2025-10-11/1759721424.json"
"645900","312320","2025-10-12","35.00","NZD","1759721424","6530/2025-10-12/1759721424.json"
"645900","312320","2025-10-11","35.00","NZD","1759721424","6530/2025-10-11/1759721424.json"
"985111","854657","2025-10-12","35.00","NZD","1759721424","6530/2025-10-12/1759721424.json"
"645900","312320","2025-10-13","35.00","NZD","1759721424","6530/2025-10-13/1759721424.json"
"985111","854657","2025-10-13","35.00","NZD","1759721424","6530/2025-10-13/1759721424.json"
"645900","312320","2025-10-10","35.00","NZD","1759721424","6530/2025-10-10/1759721424.json"
"645900","312320","2025-10-17","35.00","NZD","1759721424","6530/2025-10-17/1759721424.json"
"985111","854657","2025-10-17","35.00","NZD","1759721424","6530/2025-10-17/1759721424.json"
"645900","312320","2025-10-16","35.00","NZD","1759721424","6530/2025-10-16/1759721424.json"
"985111","854657","2025-10-16","35.00","NZD","1759721424","6530/2025-10-16/1759721424.json"
"645900","312320","2025-10-15","35.00","NZD","1759721424","6530/2025-10-15/1759721424.json"
"985111","854657","2025-10-15","35.00","NZD","1759721424","6530/2025-10-15/1759721424.json"
"645900","312320","2025-10-14","35.00","NZD","1759721424","6530/2025-10-14/1759721424.json"
"985111","854657","2025-10-14","35.00","NZD","1759721424","6530/2025-10-14/1759721424.json"
"645900","312320","2025-10-18","35.00","NZD","1759721424","6530/2025-10-18/1759721424.json"
"985111","854657","2025-10-18","35.00","NZD","1759721424","6530/2025-10-18/1759721424.json"
"645900","312320","2025-10-20","35.00","NZD","1759721424","6530/2025-10-20/1759721424.json"
"985111","854657","2025-10-20","35.00","NZD","1759721424","6530/2025-10-20/1759721424.json"
"645900","312320","2025-10-19","35.00","NZD","1759721424","6530/2025-10-19/1759721424.json"
"985111","854657","2025-10-19","35.00","NZD","1759721424","6530/2025-10-19/1759721424.json"
"645900","312320","2025-10-21","35.00","NZD","1759721424","6530/2025-10-21/1759721424.json"
"985111","854657","2025-10-21","35.00","NZD","1759721424","6530/2025-10-21/1759721424.json"
"645900","312320","2025-10-22","35.00","NZD","1759721424","6530/2025-10-22/1759721424.json"
"985111","854657","2025-10-22","35.00","NZD","1759721424","6530/2025-10-22/1759721424.json"
"645900","312320","2025-10-23","35.00","NZD","1759721424","6530/2025-10-23/1759721424.json"
"985111","854657","2025-10-23","35.00","NZD","1759721424","6530/2025-10-23/1759721424.json"
"645900","312320","2025-10-24","35.00","NZD","1759721424","6530/2025-10-24/1759721424.json"
"985111","854657","2025-10-24","35.00","NZD","1759721424","6530/2025-10-24/1759721424.json"
"645900","312320","2025-10-25","35.00","NZD","1759721424","6530/2025-10-25/1759721424.json"
"985111","854657","2025-10-25","35.00","NZD","1759721424","6530/2025-10-25/1759721424.json"
"645900","312320","2025-10-26","35.00","NZD","1759721424","6530/2025-10-26/1759721424.json"
"985111","854657","2025-10-26","35.00","NZD","1759721424","6530/2025-10-26/1759721424.json"
"645900","312320","2025-10-28","35.00","NZD","1759721424","6530/2025-10-28/1759721424.json"
"985111","854657","2025-10-28","35.00","NZD","1759721424","6530/2025-10-28/1759721424.json"
"645900","312320","2025-10-29","35.00","NZD","1759721424","6530/2025-10-29/1759721424.json"
"985111","854657","2025-10-29","35.00","NZD","1759721424","6530/2025-10-29/1759721424.json"
"645900","312320","2025-10-27","35.00","NZD","1759721424","6530/2025-10-27/1759721424.json"
"985111","854657","2025-10-27","35.00","NZD","1759721424","6530/2025-10-27/1759721424.json"
"645900","312320","2025-10-31","35.00","NZD","1759721424","6530/2025-10-31/1759721424.json"
"985111","854657","2025-10-31","42.00","NZD","1759721424","6530/2025-10-31/1759721424.json"
"645900","312320","2025-10-30","35.00","NZD","1759721424","6530/2025-10-30/1759721424.json"
"985111","854657","2025-10-30","35.00","NZD","1759721424","6530/2025-10-30/1759721424.json"
"985111","854657","2025-11-01","38.00","NZD","1759721424","6530/2025-11-01/1759721424.json"
"645900","312320","2025-11-01","38.00","NZD","1759721424","6530/2025-11-01/1759721424.json"
"985111","854657","2025-11-02","38.00","NZD","1759721424","6530/2025-11-02/1759721424.json"
"645900","312320","2025-11-02","38.00","NZD","1759721424","6530/2025-11-02/1759721424.json"
"985111","854657","2025-11-03","38.00","NZD","1759721424","6530/2025-11-03/1759721424.json"
"645900","312320","2025-11-03","38.00","NZD","1759721424","6530/2025-11-03/1759721424.json"
"985111","854657","2025-11-04","38.00","NZD","1759721424","6530/2025-11-04/1759721424.json"
"645900","312320","2025-11-04","38.00","NZD","1759721424","6530/2025-11-04/1759721424.json"
"985111","854657","2025-11-05","38.00","NZD","1759721424","6530/2025-11-05/1759721424.json"
"645900","312320","2025-11-05","38.00","NZD","1759721424","6530/2025-11-05/1759721424.json"
"985111","854657","2025-11-06","38.00","NZD","1759721424","6530/2025-11-06/1759721424.json"
"645900","312320","2025-11-06","38.00","NZD","1759721424","6530/2025-11-06/1759721424.json"
"985111","854657","2025-11-08","38.00","NZD","1759721424","6530/2025-11-08/1759721424.json"
"645900","312320","2025-11-08","38.00","NZD","1759721424","6530/2025-11-08/1759721424.json"
"985111","854657","2025-11-09","38.00","NZD","1759721424","6530/2025-11-09/1759721424.json"
"645900","312320","2025-11-09","38.00","NZD","1759721424","6530/2025-11-09/1759721424.json"
"985111","854657","2025-11-07","38.00","NZD","1759721424","6530/2025-11-07/1759721424.json"
"645900","312320","2025-11-07","38.00","NZD","1759721424","6530/2025-11-07/1759721424.json"
"645900","312320","2025-10-10","35.00","NZD","1759726726","6530/2025-10-10/1759726726.json"
"985111","854657","2025-10-11","35.00","NZD","1759726726","6530/2025-10-11/1759726726.json"
"645900","312320","2025-10-11","35.00","NZD","1759726726","6530/2025-10-11/1759726726.json"
"645900","312320","2025-10-13","35.00","NZD","1759726726","6530/2025-10-13/1759726726.json"
"985111","854657","2025-10-13","35.00","NZD","1759726726","6530/2025-10-13/1759726726.json"
"645900","312320","2025-10-15","35.00","NZD","1759726726","6530/2025-10-15/1759726726.json"
"985111","854657","2025-10-15","35.00","NZD","1759726726","6530/2025-10-15/1759726726.json"
"645900","312320","2025-10-14","35.00","NZD","1759726726","6530/2025-10-14/1759726726.json"
"985111","854657","2025-10-14","35.00","NZD","1759726726","6530/2025-10-14/1759726726.json"
"645900","312320","2025-10-16","35.00","NZD","1759726726","6530/2025-10-16/1759726726.json"
"985111","854657","2025-10-16","35.00","NZD","1759726726","6530/2025-10-16/1759726726.json"
"645900","312320","2025-10-12","35.00","NZD","1759726726","6530/2025-10-12/1759726726.json"
"985111","854657","2025-10-12","35.00","NZD","1759726726","6530/2025-10-12/1759726726.json"
"645900","312320","2025-10-17","35.00","NZD","1759726726","6530/2025-10-17/1759726726.json"
"985111","854657","2025-10-17","35.00","NZD","1759726726","6530/2025-10-17/1759726726.json"
"645900","312320","2025-10-18","35.00","NZD","1759726726","6530/2025-10-18/1759726726.json"
"985111","854657","2025-10-18","35.00","NZD","1759726726","6530/2025-10-18/1759726726.json"
"645900","312320","2025-10-19","35.00","NZD","1759726726","6530/2025-10-19/1759726726.json"
"985111","854657","2025-10-19","35.00","NZD","1759726726","6530/2025-10-19/1759726726.json"
"645900","312320","2025-10-22","35.00","NZD","1759726726","6530/2025-10-22/1759726726.json"
"985111","854657","2025-10-22","35.00","NZD","1759726726","6530/2025-10-22/1759726726.json"
"645900","312320","2025-10-21","35.00","NZD","1759726726","6530/2025-10-21/1759726726.json"
"985111","854657","2025-10-21","35.00","NZD","1759726726","6530/2025-10-21/1759726726.json"
"645900","312320","2025-10-23","35.00","NZD","1759726726","6530/2025-10-23/1759726726.json"
"985111","854657","2025-10-23","35.00","NZD","1759726726","6530/2025-10-23/1759726726.json"
"645900","312320","2025-10-20","35.00","NZD","1759726726","6530/2025-10-20/1759726726.json"
"985111","854657","2025-10-20","35.00","NZD","1759726726","6530/2025-10-20/1759726726.json"
"645900","312320","2025-10-24","35.00","NZD","1759726726","6530/2025-10-24/1759726726.json"
"985111","854657","2025-10-24","35.00","NZD","1759726726","6530/2025-10-24/1759726726.json"
"645900","312320","2025-10-25","35.00","NZD","1759726726","6530/2025-10-25/1759726726.json"
"985111","854657","2025-10-25","35.00","NZD","1759726726","6530/2025-10-25/1759726726.json"
"645900","312320","2025-10-26","35.00","NZD","1759726726","6530/2025-10-26/1759726726.json"
"985111","854657","2025-10-26","35.00","NZD","1759726726","6530/2025-10-26/1759726726.json"
"645900","312320","2025-10-27","35.00","NZD","1759726726","6530/2025-10-27/1759726726.json"
"985111","854657","2025-10-27","35.00","NZD","1759726726","6530/2025-10-27/1759726726.json"
"645900","312320","2025-10-28","35.00","NZD","1759726726","6530/2025-10-28/1759726726.json"
"985111","854657","2025-10-28","35.00","NZD","1759726726","6530/2025-10-28/1759726726.json"
"645900","312320","2025-10-29","35.00","NZD","1759726726","6530/2025-10-29/1759726726.json"
"985111","854657","2025-10-29","35.00","NZD","1759726726","6530/2025-10-29/1759726726.json"
"645900","312320","2025-10-30","35.00","NZD","1759726726","6530/2025-10-30/1759726726.json"
"985111","854657","2025-10-30","35.00","NZD","1759726726","6530/2025-10-30/1759726726.json"
"645900","312320","2025-10-31","35.00","NZD","1759726726","6530/2025-10-31/1759726726.json"
"985111","854657","2025-10-31","42.00","NZD","1759726726","6530/2025-10-31/1759726726.json"
"985111","854657","2025-11-02","38.00","NZD","1759726726","6530/2025-11-02/1759726726.json"
"645900","312320","2025-11-02","38.00","NZD","1759726726","6530/2025-11-02/1759726726.json"
"985111","854657","2025-11-01","38.00","NZD","1759726726","6530/2025-11-01/1759726726.json"
"645900","312320","2025-11-01","38.00","NZD","1759726726","6530/2025-11-01/1759726726.json"
"985111","854657","2025-11-03","38.00","NZD","1759726726","6530/2025-11-03/1759726726.json"
"645900","312320","2025-11-03","38.00","NZD","1759726726","6530/2025-11-03/1759726726.json"
"985111","854657","2025-11-04","38.00","NZD","1759726726","6530/2025-11-04/1759726726.json"
"645900","312320","2025-11-04","38.00","NZD","1759726726","6530/2025-11-04/1759726726.json"
"985111","854657","2025-11-05","38.00","NZD","1759726726","6530/2025-11-05/1759726726.json"
"645900","312320","2025-11-05","38.00","NZD","1759726726","6530/2025-11-05/1759726726.json"
"985111","854657","2025-11-07","38.00","NZD","1759726726","6530/2025-11-07/1759726726.json"
"645900","312320","2025-11-07","38.00","NZD","1759726726","6530/2025-11-07/1759726726.json"
"985111","854657","2025-11-06","38.00","NZD","1759726726","6530/2025-11-06/1759726726.json"
"645900","312320","2025-11-06","38.00","NZD","1759726726","6530/2025-11-06/1759726726.json"
"985111","854657","2025-11-08","38.00","NZD","1759726726","6530/2025-11-08/1759726726.json"
"645900","312320","2025-11-08","38.00","NZD","1759726726","6530/2025-11-08/1759726726.json"
"985111","854657","2025-11-09","38.00","NZD","1759726726","6530/2025-11-09/1759726726.json"
"645900","312320","2025-11-09","38.00","NZD","1759726726","6530/2025-11-09/1759726726.json"
"645900","312320","2025-10-12","35.00","NZD","1759741517","6530/2025-10-12/1759741517.json"
"985111","854657","2025-10-11","35.00","NZD","1759741517","6530/2025-10-11/1759741517.json"
"985111","854657","2025-10-12","35.00","NZD","1759741517","6530/2025-10-12/1759741517.json"
"645900","312320","2025-10-11","35.00","NZD","1759741517","6530/2025-10-11/1759741517.json"
"645900","312320","2025-10-13","35.00","NZD","1759741517","6530/2025-10-13/1759741517.json"
"985111","854657","2025-10-13","35.00","NZD","1759741517","6530/2025-10-13/1759741517.json"
"645900","312320","2025-10-14","35.00","NZD","1759741517","6530/2025-10-14/1759741517.json"
"645900","312320","2025-10-15","35.00","NZD","1759741517","6530/2025-10-15/1759741517.json"
"985111","854657","2025-10-15","35.00","NZD","1759741517","6530/2025-10-15/1759741517.json"
"985111","854657","2025-10-14","35.00","NZD","1759741517","6530/2025-10-14/1759741517.json"
"645900","312320","2025-10-16","35.00","NZD","1759741517","6530/2025-10-16/1759741517.json"
"985111","854657","2025-10-16","35.00","NZD","1759741517","6530/2025-10-16/1759741517.json"
"645900","312320","2025-10-18","35.00","NZD","1759741517","6530/2025-10-18/1759741517.json"
"985111","854657","2025-10-18","35.00","NZD","1759741517","6530/2025-10-18/1759741517.json"
"645900","312320","2025-10-19","35.00","NZD","1759741517","6530/2025-10-19/1759741517.json"
"985111","854657","2025-10-19","35.00","NZD","1759741517","6530/2025-10-19/1759741517.json"
"645900","312320","2025-10-17","35.00","NZD","1759741517","6530/2025-10-17/1759741517.json"
"985111","854657","2025-10-17","35.00","NZD","1759741517","6530/2025-10-17/1759741517.json"
"645900","312320","2025-10-10","35.00","NZD","1759741517","6530/2025-10-10/1759741517.json"
"645900","312320","2025-10-20","35.00","NZD","1759741517","6530/2025-10-20/1759741517.json"
"985111","854657","2025-10-20","35.00","NZD","1759741517","6530/2025-10-20/1759741517.json"
"645900","312320","2025-10-21","35.00","NZD","1759741517","6530/2025-10-21/1759741517.json"
"985111","854657","2025-10-21","35.00","NZD","1759741517","6530/2025-10-21/1759741517.json"
"645900","312320","2025-10-23","35.00","NZD","1759741517","6530/2025-10-23/1759741517.json"
"985111","854657","2025-10-23","35.00","NZD","1759741517","6530/2025-10-23/1759741517.json"
"645900","312320","2025-10-22","35.00","NZD","1759741517","6530/2025-10-22/1759741517.json"
"985111","854657","2025-10-22","35.00","NZD","1759741517","6530/2025-10-22/1759741517.json"
"645900","312320","2025-10-24","35.00","NZD","1759741517","6530/2025-10-24/1759741517.json"
"985111","854657","2025-10-24","35.00","NZD","1759741517","6530/2025-10-24/1759741517.json"
"645900","312320","2025-10-27","35.00","NZD","1759741517","6530/2025-10-27/1759741517.json"
"645900","312320","2025-10-26","35.00","NZD","1759741517","6530/2025-10-26/1759741517.json"
"985111","854657","2025-10-27","35.00","NZD","1759741517","6530/2025-10-27/1759741517.json"
"985111","854657","2025-10-26","35.00","NZD","1759741517","6530/2025-10-26/1759741517.json"
"645900","312320","2025-10-25","35.00","NZD","1759741517","6530/2025-10-25/1759741517.json"
"985111","854657","2025-10-25","35.00","NZD","1759741517","6530/2025-10-25/1759741517.json"
"645900","312320","2025-10-28","35.00","NZD","1759741517","6530/2025-10-28/1759741517.json"
"985111","854657","2025-10-28","35.00","NZD","1759741517","6530/2025-10-28/1759741517.json"
"645900","312320","2025-10-31","35.00","NZD","1759741517","6530/2025-10-31/1759741517.json"
"985111","854657","2025-10-31","42.00","NZD","1759741517","6530/2025-10-31/1759741517.json"
"645900","312320","2025-10-29","35.00","NZD","1759741517","6530/2025-10-29/1759741517.json"
"985111","854657","2025-10-29","35.00","NZD","1759741517","6530/2025-10-29/1759741517.json"
"645900","312320","2025-10-30","35.00","NZD","1759741517","6530/2025-10-30/1759741517.json"
"985111","854657","2025-10-30","35.00","NZD","1759741517","6530/2025-10-30/1759741517.json"
"985111","854657","2025-11-01","38.00","NZD","1759741517","6530/2025-11-01/1759741517.json"
"645900","312320","2025-11-01","38.00","NZD","1759741517","6530/2025-11-01/1759741517.json"
"985111","854657","2025-11-02","38.00","NZD","1759741517","6530/2025-11-02/1759741517.json"
"645900","312320","2025-11-02","38.00","NZD","1759741517","6530/2025-11-02/1759741517.json"
"985111","854657","2025-11-03","38.00","NZD","1759741517","6530/2025-11-03/1759741517.json"
"645900","312320","2025-11-03","38.00","NZD","1759741517","6530/2025-11-03/1759741517.json"
"985111","854657","2025-11-04","38.00","NZD","1759741517","6530/2025-11-04/1759741517.json"
"645900","312320","2025-11-04","38.00","NZD","1759741517","6530/2025-11-04/1759741517.json"
"985111","854657","2025-11-05","38.00","NZD","1759741517","6530/2025-11-05/1759741517.json"
"645900","312320","2025-11-05","38.00","NZD","1759741517","6530/2025-11-05/1759741517.json"
"985111","854657","2025-11-07","38.00","NZD","1759741517","6530/2025-11-07/1759741517.json"
"645900","312320","2025-11-07","38.00","NZD","1759741517","6530/2025-11-07/1759741517.json"
"985111","854657","2025-11-08","38.00","NZD","1759741517","6530/2025-11-08/1759741517.json"
"645900","312320","2025-11-08","38.00","NZD","1759741517","6530/2025-11-08/1759741517.json"
"985111","854657","2025-11-09","38.00","NZD","1759741517","6530/2025-11-09/1759741517.json"
"645900","312320","2025-11-09","38.00","NZD","1759741517","6530/2025-11-09/1759741517.json"
"985111","854657","2025-11-06","38.00","NZD","1759741517","6530/2025-11-06/1759741517.json"
"645900","312320","2025-11-06","38.00","NZD","1759741517","6530/2025-11-06/1759741517.json"
"645900","312320","2025-10-10","35.00","NZD","1759758977","6530/2025-10-10/1759758977.json"
"985111","854657","2025-10-11","35.00","NZD","1759758977","6530/2025-10-11/1759758977.json"
"645900","312320","2025-10-11","35.00","NZD","1759758977","6530/2025-10-11/1759758977.json"
"645900","312320","2025-10-13","35.00","NZD","1759758977","6530/2025-10-13/1759758977.json"
"985111","854657","2025-10-13","35.00","NZD","1759758977","6530/2025-10-13/1759758977.json"
"645900","312320","2025-10-12","35.00","NZD","1759758977","6530/2025-10-12/1759758977.json"
"985111","854657","2025-10-12","35.00","NZD","1759758977","6530/2025-10-12/1759758977.json"
"645900","312320","2025-10-14","35.00","NZD","1759758977","6530/2025-10-14/1759758977.json"
"985111","854657","2025-10-14","35.00","NZD","1759758977","6530/2025-10-14/1759758977.json"
"645900","312320","2025-10-15","35.00","NZD","1759758977","6530/2025-10-15/1759758977.json"
"985111","854657","2025-10-15","35.00","NZD","1759758977","6530/2025-10-15/1759758977.json"
"645900","312320","2025-10-16","35.00","NZD","1759758977","6530/2025-10-16/1759758977.json"
"985111","854657","2025-10-16","35.00","NZD","1759758977","6530/2025-10-16/1759758977.json"
"645900","312320","2025-10-17","35.00","NZD","1759758977","6530/2025-10-17/1759758977.json"
"985111","854657","2025-10-17","35.00","NZD","1759758977","6530/2025-10-17/1759758977.json"
"645900","312320","2025-10-18","35.00","NZD","1759758977","6530/2025-10-18/1759758977.json"
"985111","854657","2025-10-18","35.00","NZD","1759758977","6530/2025-10-18/1759758977.json"
"645900","312320","2025-10-19","35.00","NZD","1759758977","6530/2025-10-19/1759758977.json"
"985111","854657","2025-10-19","35.00","NZD","1759758977","6530/2025-10-19/1759758977.json"
"645900","312320","2025-10-20","35.00","NZD","1759758977","6530/2025-10-20/1759758977.json"
"985111","854657","2025-10-20","35.00","NZD","1759758977","6530/2025-10-20/1759758977.json"
"645900","312320","2025-10-22","35.00","NZD","1759758977","6530/2025-10-22/1759758977.json"
"985111","854657","2025-10-22","35.00","NZD","1759758977","6530/2025-10-22/1759758977.json"
"645900","312320","2025-10-21","35.00","NZD","1759758977","6530/2025-10-21/1759758977.json"
"985111","854657","2025-10-21","35.00","NZD","1759758977","6530/2025-10-21/1759758977.json"
"645900","312320","2025-10-23","35.00","NZD","1759758977","6530/2025-10-23/1759758977.json"
"985111","854657","2025-10-23","35.00","NZD","1759758977","6530/2025-10-23/1759758977.json"
"645900","312320","2025-10-24","35.00","NZD","1759758977","6530/2025-10-24/1759758977.json"
"985111","854657","2025-10-24","35.00","NZD","1759758977","6530/2025-10-24/1759758977.json"
"645900","312320","2025-10-25","35.00","NZD","1759758977","6530/2025-10-25/1759758977.json"
"985111","854657","2025-10-25","35.00","NZD","1759758977","6530/2025-10-25/1759758977.json"
"645900","312320","2025-10-26","35.00","NZD","1759758977","6530/2025-10-26/1759758977.json"
"985111","854657","2025-10-26","35.00","NZD","1759758977","6530/2025-10-26/1759758977.json"
"645900","312320","2025-10-27","35.00","NZD","1759758977","6530/2025-10-27/1759758977.json"
"985111","854657","2025-10-27","35.00","NZD","1759758977","6530/2025-10-27/1759758977.json"
"645900","312320","2025-10-29","35.00","NZD","1759758977","6530/2025-10-29/1759758977.json"
"985111","854657","2025-10-29","35.00","NZD","1759758977","6530/2025-10-29/1759758977.json"
"645900","312320","2025-10-28","35.00","NZD","1759758977","6530/2025-10-28/1759758977.json"
"985111","854657","2025-10-28","35.00","NZD","1759758977","6530/2025-10-28/1759758977.json"
"645900","312320","2025-10-30","35.00","NZD","1759758977","6530/2025-10-30/1759758977.json"
"985111","854657","2025-10-30","35.00","NZD","1759758977","6530/2025-10-30/1759758977.json"
"645900","312320","2025-10-31","35.00","NZD","1759758977","6530/2025-10-31/1759758977.json"
"985111","854657","2025-10-31","42.00","NZD","1759758977","6530/2025-10-31/1759758977.json"
"985111","854657","2025-11-03","38.00","NZD","1759758977","6530/2025-11-03/1759758977.json"
"645900","312320","2025-11-03","38.00","NZD","1759758977","6530/2025-11-03/1759758977.json"
"985111","854657","2025-11-02","38.00","NZD","1759758977","6530/2025-11-02/1759758977.json"
"645900","312320","2025-11-02","38.00","NZD","1759758977","6530/2025-11-02/1759758977.json"
"985111","854657","2025-11-01","38.00","NZD","1759758977","6530/2025-11-01/1759758977.json"
"645900","312320","2025-11-01","38.00","NZD","1759758977","6530/2025-11-01/1759758977.json"
"985111","854657","2025-11-04","38.00","NZD","1759758977","6530/2025-11-04/1759758977.json"
"645900","312320","2025-11-04","38.00","NZD","1759758977","6530/2025-11-04/1759758977.json"
"985111","854657","2025-11-05","38.00","NZD","1759758977","6530/2025-11-05/1759758977.json"
"645900","312320","2025-11-05","38.00","NZD","1759758977","6530/2025-11-05/1759758977.json"
"985111","854657","2025-11-07","38.00","NZD","1759758977","6530/2025-11-07/1759758977.json"
"645900","312320","2025-11-07","38.00","NZD","1759758977","6530/2025-11-07/1759758977.json"
"985111","854657","2025-11-06","38.00","NZD","1759758977","6530/2025-11-06/1759758977.json"
"645900","312320","2025-11-06","38.00","NZD","1759758977","6530/2025-11-06/1759758977.json"
"985111","854657","2025-11-08","38.00","NZD","1759758977","6530/2025-11-08/1759758977.json"
"645900","312320","2025-11-08","38.00","NZD","1759758977","6530/2025-11-08/1759758977.json"
"985111","854657","2025-11-09","38.00","NZD","1759758977","6530/2025-11-09/1759758977.json"
"645900","312320","2025-11-09","38.00","NZD","1759758977","6530/2025-11-09/1759758977.json"
"645900","312320","2025-10-10","35.00","NZD","1759770327","6530/2025-10-10/1759770327.json"
"645900","312320","2025-10-12","35.00","NZD","1759770327","6530/2025-10-12/1759770327.json"
"985111","854657","2025-10-12","35.00","NZD","1759770327","6530/2025-10-12/1759770327.json"
"645900","312320","2025-10-13","35.00","NZD","1759770327","6530/2025-10-13/1759770327.json"
"985111","854657","2025-10-13","35.00","NZD","1759770327","6530/2025-10-13/1759770327.json"
"985111","854657","2025-10-11","35.00","NZD","1759770327","6530/2025-10-11/1759770327.json"
"645900","312320","2025-10-11","35.00","NZD","1759770327","6530/2025-10-11/1759770327.json"
"645900","312320","2025-10-14","35.00","NZD","1759770327","6530/2025-10-14/1759770327.json"
"985111","854657","2025-10-14","35.00","NZD","1759770327","6530/2025-10-14/1759770327.json"
"645900","312320","2025-10-16","35.00","NZD","1759770327","6530/2025-10-16/1759770327.json"
"985111","854657","2025-10-16","35.00","NZD","1759770327","6530/2025-10-16/1759770327.json"
"645900","312320","2025-10-15","35.00","NZD","1759770327","6530/2025-10-15/1759770327.json"
"985111","854657","2025-10-15","35.00","NZD","1759770327","6530/2025-10-15/1759770327.json"
"645900","312320","2025-10-17","35.00","NZD","1759770327","6530/2025-10-17/1759770327.json"
"985111","854657","2025-10-17","35.00","NZD","1759770327","6530/2025-10-17/1759770327.json"
"645900","312320","2025-10-18","35.00","NZD","1759770327","6530/2025-10-18/1759770327.json"
"985111","854657","2025-10-18","35.00","NZD","1759770327","6530/2025-10-18/1759770327.json"
"645900","312320","2025-10-20","35.00","NZD","1759770327","6530/2025-10-20/1759770327.json"
"985111","854657","2025-10-20","35.00","NZD","1759770327","6530/2025-10-20/1759770327.json"
"645900","312320","2025-10-19","35.00","NZD","1759770327","6530/2025-10-19/1759770327.json"
"985111","854657","2025-10-19","35.00","NZD","1759770327","6530/2025-10-19/1759770327.json"
"645900","312320","2025-10-21","35.00","NZD","1759770327","6530/2025-10-21/1759770327.json"
"985111","854657","2025-10-21","35.00","NZD","1759770327","6530/2025-10-21/1759770327.json"
"645900","312320","2025-10-22","35.00","NZD","1759770327","6530/2025-10-22/1759770327.json"
"985111","854657","2025-10-22","35.00","NZD","1759770327","6530/2025-10-22/1759770327.json"
"645900","312320","2025-10-23","35.00","NZD","1759770327","6530/2025-10-23/1759770327.json"
"985111","854657","2025-10-23","35.00","NZD","1759770327","6530/2025-10-23/1759770327.json"
"645900","312320","2025-10-25","35.00","NZD","1759770327","6530/2025-10-25/1759770327.json"
"985111","854657","2025-10-25","35.00","NZD","1759770327","6530/2025-10-25/1759770327.json"
"645900","312320","2025-10-24","35.00","NZD","1759770327","6530/2025-10-24/1759770327.json"
"985111","854657","2025-10-24","35.00","NZD","1759770327","6530/2025-10-24/1759770327.json"
"645900","312320","2025-10-26","35.00","NZD","1759770327","6530/2025-10-26/1759770327.json"
"985111","854657","2025-10-26","35.00","NZD","1759770327","6530/2025-10-26/1759770327.json"
"645900","312320","2025-10-27","35.00","NZD","1759770327","6530/2025-10-27/1759770327.json"
"985111","854657","2025-10-27","35.00","NZD","1759770327","6530/2025-10-27/1759770327.json"
"645900","312320","2025-10-28","35.00","NZD","1759770327","6530/2025-10-28/1759770327.json"
"985111","854657","2025-10-28","35.00","NZD","1759770327","6530/2025-10-28/1759770327.json"
"645900","312320","2025-10-29","35.00","NZD","1759770327","6530/2025-10-29/1759770327.json"
"985111","854657","2025-10-29","35.00","NZD","1759770327","6530/2025-10-29/1759770327.json"
"645900","312320","2025-10-30","35.00","NZD","1759770327","6530/2025-10-30/1759770327.json"
"985111","854657","2025-10-30","35.00","NZD","1759770327","6530/2025-10-30/1759770327.json"
"645900","312320","2025-10-31","35.00","NZD","1759770327","6530/2025-10-31/1759770327.json"
"985111","854657","2025-10-31","42.00","NZD","1759770327","6530/2025-10-31/1759770327.json"
"985111","854657","2025-11-01","38.00","NZD","1759770327","6530/2025-11-01/1759770327.json"
"645900","312320","2025-11-01","38.00","NZD","1759770327","6530/2025-11-01/1759770327.json"
"985111","854657","2025-11-02","38.00","NZD","1759770327","6530/2025-11-02/1759770327.json"
"645900","312320","2025-11-02","38.00","NZD","1759770327","6530/2025-11-02/1759770327.json"
"985111","854657","2025-11-05","38.00","NZD","1759770327","6530/2025-11-05/1759770327.json"
"645900","312320","2025-11-05","38.00","NZD","1759770327","6530/2025-11-05/1759770327.json"
"985111","854657","2025-11-06","38.00","NZD","1759770327","6530/2025-11-06/1759770327.json"
"645900","312320","2025-11-06","38.00","NZD","1759770327","6530/2025-11-06/1759770327.json"
"985111","854657","2025-11-03","38.00","NZD","1759770327","6530/2025-11-03/1759770327.json"
"645900","312320","2025-11-03","38.00","NZD","1759770327","6530/2025-11-03/1759770327.json"
"985111","854657","2025-11-07","38.00","NZD","1759770327","6530/2025-11-07/1759770327.json"
"645900","312320","2025-11-07","38.00","NZD","1759770327","6530/2025-11-07/1759770327.json"
"985111","854657","2025-11-09","38.00","NZD","1759770327","6530/2025-11-09/1759770327.json"
"645900","312320","2025-11-09","38.00","NZD","1759770327","6530/2025-11-09/1759770327.json"
"985111","854657","2025-11-08","38.00","NZD","1759770327","6530/2025-11-08/1759770327.json"
"645900","312320","2025-11-08","38.00","NZD","1759770327","6530/2025-11-08/1759770327.json"
"985111","854657","2025-11-04","38.00","NZD","1759770327","6530/2025-11-04/1759770327.json"
"645900","312320","2025-11-04","38.00","NZD","1759770327","6530/2025-11-04/1759770327.json"
"645900","312320","2025-10-10","35.00","NZD","1759784000","6530/2025-10-10/1759784000.json"
"985111","854657","2025-10-11","35.00","NZD","1759784000","6530/2025-10-11/1759784000.json"
"645900","312320","2025-10-12","35.00","NZD","1759784000","6530/2025-10-12/1759784000.json"
"645900","312320","2025-10-11","35.00","NZD","1759784000","6530/2025-10-11/1759784000.json"
"985111","854657","2025-10-12","35.00","NZD","1759784000","6530/2025-10-12/1759784000.json"
"645900","312320","2025-10-13","35.00","NZD","1759784000","6530/2025-10-13/1759784000.json"
"985111","854657","2025-10-13","35.00","NZD","1759784000","6530/2025-10-13/1759784000.json"
"645900","312320","2025-10-14","35.00","NZD","1759784000","6530/2025-10-14/1759784000.json"
"985111","854657","2025-10-14","35.00","NZD","1759784000","6530/2025-10-14/1759784000.json"
"645900","312320","2025-10-17","35.00","NZD","1759784000","6530/2025-10-17/1759784000.json"
"985111","854657","2025-10-17","35.00","NZD","1759784000","6530/2025-10-17/1759784000.json"
"645900","312320","2025-10-18","35.00","NZD","1759784000","6530/2025-10-18/1759784000.json"
"985111","854657","2025-10-18","35.00","NZD","1759784000","6530/2025-10-18/1759784000.json"
"645900","312320","2025-10-15","35.00","NZD","1759784000","6530/2025-10-15/1759784000.json"
"985111","854657","2025-10-15","35.00","NZD","1759784000","6530/2025-10-15/1759784000.json"
"645900","312320","2025-10-20","35.00","NZD","1759784000","6530/2025-10-20/1759784000.json"
"985111","854657","2025-10-20","35.00","NZD","1759784000","6530/2025-10-20/1759784000.json"
"645900","312320","2025-10-19","35.00","NZD","1759784000","6530/2025-10-19/1759784000.json"
"985111","854657","2025-10-19","35.00","NZD","1759784000","6530/2025-10-19/1759784000.json"
"645900","312320","2025-10-21","35.00","NZD","1759784000","6530/2025-10-21/1759784000.json"
"985111","854657","2025-10-21","35.00","NZD","1759784000","6530/2025-10-21/1759784000.json"
"645900","312320","2025-10-24","35.00","NZD","1759784000","6530/2025-10-24/1759784000.json"
"985111","854657","2025-10-24","35.00","NZD","1759784000","6530/2025-10-24/1759784000.json"
"645900","312320","2025-10-25","35.00","NZD","1759784000","6530/2025-10-25/1759784000.json"
"985111","854657","2025-10-25","35.00","NZD","1759784000","6530/2025-10-25/1759784000.json"
"645900","312320","2025-10-26","35.00","NZD","1759784000","6530/2025-10-26/1759784000.json"
"985111","854657","2025-10-26","35.00","NZD","1759784000","6530/2025-10-26/1759784000.json"
"645900","312320","2025-10-27","35.00","NZD","1759784000","6530/2025-10-27/1759784000.json"
"985111","854657","2025-10-27","35.00","NZD","1759784000","6530/2025-10-27/1759784000.json"
"645900","312320","2025-10-22","35.00","NZD","1759784000","6530/2025-10-22/1759784000.json"
"985111","854657","2025-10-22","35.00","NZD","1759784000","6530/2025-10-22/1759784000.json"
"645900","312320","2025-10-16","35.00","NZD","1759784000","6530/2025-10-16/1759784000.json"
"985111","854657","2025-10-16","35.00","NZD","1759784000","6530/2025-10-16/1759784000.json"
"645900","312320","2025-10-23","35.00","NZD","1759784000","6530/2025-10-23/1759784000.json"
"985111","854657","2025-10-23","35.00","NZD","1759784000","6530/2025-10-23/1759784000.json"
"645900","312320","2025-10-28","35.00","NZD","1759784000","6530/2025-10-28/1759784000.json"
"985111","854657","2025-10-28","35.00","NZD","1759784000","6530/2025-10-28/1759784000.json"
"645900","312320","2025-10-29","35.00","NZD","1759784000","6530/2025-10-29/1759784000.json"
"985111","854657","2025-10-29","35.00","NZD","1759784000","6530/2025-10-29/1759784000.json"
"645900","312320","2025-10-30","35.00","NZD","1759784000","6530/2025-10-30/1759784000.json"
"985111","854657","2025-10-30","35.00","NZD","1759784000","6530/2025-10-30/1759784000.json"
"645900","312320","2025-10-31","35.00","NZD","1759784000","6530/2025-10-31/1759784000.json"
"985111","854657","2025-10-31","42.00","NZD","1759784000","6530/2025-10-31/1759784000.json"
"985111","854657","2025-11-01","38.00","NZD","1759784000","6530/2025-11-01/1759784000.json"
"645900","312320","2025-11-01","38.00","NZD","1759784000","6530/2025-11-01/1759784000.json"
"985111","854657","2025-11-02","38.00","NZD","1759784000","6530/2025-11-02/1759784000.json"
"645900","312320","2025-11-02","38.00","NZD","1759784000","6530/2025-11-02/1759784000.json"
"985111","854657","2025-11-03","38.00","NZD","1759784000","6530/2025-11-03/1759784000.json"
"645900","312320","2025-11-03","38.00","NZD","1759784000","6530/2025-11-03/1759784000.json"
"985111","854657","2025-11-04","38.00","NZD","1759784000","6530/2025-11-04/1759784000.json"
"645900","312320","2025-11-04","38.00","NZD","1759784000","6530/2025-11-04/1759784000.json"
"985111","854657","2025-11-05","38.00","NZD","1759784000","6530/2025-11-05/1759784000.json"
"645900","312320","2025-11-05","38.00","NZD","1759784000","6530/2025-11-05/1759784000.json"
"985111","854657","2025-11-06","38.00","NZD","1759784000","6530/2025-11-06/1759784000.json"
"645900","312320","2025-11-06","38.00","NZD","1759784000","6530/2025-11-06/1759784000.json"
"985111","854657","2025-11-07","38.00","NZD","1759784000","6530/2025-11-07/1759784000.json"
"645900","312320","2025-11-07","38.00","NZD","1759784000","6530/2025-11-07/1759784000.json"
"985111","854657","2025-11-08","38.00","NZD","1759784000","6530/2025-11-08/1759784000.json"
"645900","312320","2025-11-08","38.00","NZD","1759784000","6530/2025-11-08/1759784000.json"
"985111","854657","2025-11-09","38.00","NZD","1759784000","6530/2025-11-09/1759784000.json"
"645900","312320","2025-11-09","38.00","NZD","1759784000","6530/2025-11-09/1759784000.json"
"645900","312320","2025-10-10","35.00","NZD","1759807951","6530/2025-10-10/1759807951.json"
"985111","854657","2025-10-11","35.00","NZD","1759807951","6530/2025-10-11/1759807951.json"
"645900","312320","2025-10-11","35.00","NZD","1759807951","6530/2025-10-11/1759807951.json"
"645900","312320","2025-10-12","35.00","NZD","1759807951","6530/2025-10-12/1759807951.json"
"985111","854657","2025-10-12","35.00","NZD","1759807951","6530/2025-10-12/1759807951.json"
"645900","312320","2025-10-14","35.00","NZD","1759807951","6530/2025-10-14/1759807951.json"
"985111","854657","2025-10-14","35.00","NZD","1759807951","6530/2025-10-14/1759807951.json"
"645900","312320","2025-10-13","35.00","NZD","1759807951","6530/2025-10-13/1759807951.json"
"985111","854657","2025-10-13","35.00","NZD","1759807951","6530/2025-10-13/1759807951.json"
"645900","312320","2025-10-15","35.00","NZD","1759807951","6530/2025-10-15/1759807951.json"
"985111","854657","2025-10-15","35.00","NZD","1759807951","6530/2025-10-15/1759807951.json"
"645900","312320","2025-10-17","35.00","NZD","1759807951","6530/2025-10-17/1759807951.json"
"985111","854657","2025-10-17","35.00","NZD","1759807951","6530/2025-10-17/1759807951.json"
"645900","312320","2025-10-16","35.00","NZD","1759807951","6530/2025-10-16/1759807951.json"
"985111","854657","2025-10-16","35.00","NZD","1759807951","6530/2025-10-16/1759807951.json"
"645900","312320","2025-10-18","35.00","NZD","1759807951","6530/2025-10-18/1759807951.json"
"985111","854657","2025-10-18","35.00","NZD","1759807951","6530/2025-10-18/1759807951.json"
"645900","312320","2025-10-19","35.00","NZD","1759807951","6530/2025-10-19/1759807951.json"
"985111","854657","2025-10-19","35.00","NZD","1759807951","6530/2025-10-19/1759807951.json"
"645900","312320","2025-10-20","35.00","NZD","1759807951","6530/2025-10-20/1759807951.json"
"985111","854657","2025-10-20","35.00","NZD","1759807951","6530/2025-10-20/1759807951.json"
"645900","312320","2025-10-21","35.00","NZD","1759807951","6530/2025-10-21/1759807951.json"
"985111","854657","2025-10-21","35.00","NZD","1759807951","6530/2025-10-21/1759807951.json"
"645900","312320","2025-10-22","35.00","NZD","1759807951","6530/2025-10-22/1759807951.json"
"985111","854657","2025-10-22","35.00","NZD","1759807951","6530/2025-10-22/1759807951.json"
"645900","312320","2025-10-23","35.00","NZD","1759807951","6530/2025-10-23/1759807951.json"
"985111","854657","2025-10-23","35.00","NZD","1759807951","6530/2025-10-23/1759807951.json"
"645900","312320","2025-10-24","35.00","NZD","1759807951","6530/2025-10-24/1759807951.json"
"985111","854657","2025-10-24","35.00","NZD","1759807951","6530/2025-10-24/1759807951.json"
"645900","312320","2025-10-26","35.00","NZD","1759807951","6530/2025-10-26/1759807951.json"
"985111","854657","2025-10-26","35.00","NZD","1759807951","6530/2025-10-26/1759807951.json"
"645900","312320","2025-10-25","35.00","NZD","1759807951","6530/2025-10-25/1759807951.json"
"985111","854657","2025-10-25","35.00","NZD","1759807951","6530/2025-10-25/1759807951.json"
"645900","312320","2025-10-27","35.00","NZD","1759807951","6530/2025-10-27/1759807951.json"
"985111","854657","2025-10-27","35.00","NZD","1759807951","6530/2025-10-27/1759807951.json"
"645900","312320","2025-10-30","35.00","NZD","1759807951","6530/2025-10-30/1759807951.json"
"985111","854657","2025-10-30","35.00","NZD","1759807951","6530/2025-10-30/1759807951.json"
"645900","312320","2025-10-29","35.00","NZD","1759807951","6530/2025-10-29/1759807951.json"
"985111","854657","2025-10-29","35.00","NZD","1759807951","6530/2025-10-29/1759807951.json"
"645900","312320","2025-10-28","35.00","NZD","1759807951","6530/2025-10-28/1759807951.json"
"985111","854657","2025-10-28","35.00","NZD","1759807951","6530/2025-10-28/1759807951.json"
"645900","312320","2025-10-31","35.00","NZD","1759807951","6530/2025-10-31/1759807951.json"
"985111","854657","2025-10-31","42.00","NZD","1759807951","6530/2025-10-31/1759807951.json"
"985111","854657","2025-11-01","38.00","NZD","1759807951","6530/2025-11-01/1759807951.json"
"645900","312320","2025-11-01","38.00","NZD","1759807951","6530/2025-11-01/1759807951.json"
"985111","854657","2025-11-02","38.00","NZD","1759807951","6530/2025-11-02/1759807951.json"
"645900","312320","2025-11-02","38.00","NZD","1759807951","6530/2025-11-02/1759807951.json"
"985111","854657","2025-11-03","38.00","NZD","1759807951","6530/2025-11-03/1759807951.json"
"645900","312320","2025-11-03","38.00","NZD","1759807951","6530/2025-11-03/1759807951.json"
"985111","854657","2025-11-04","38.00","NZD","1759807951","6530/2025-11-04/1759807951.json"
"645900","312320","2025-11-04","38.00","NZD","1759807951","6530/2025-11-04/1759807951.json"
"985111","854657","2025-11-05","38.00","NZD","1759807951","6530/2025-11-05/1759807951.json"
"645900","312320","2025-11-05","38.00","NZD","1759807951","6530/2025-11-05/1759807951.json"
"985111","854657","2025-11-07","38.00","NZD","1759807951","6530/2025-11-07/1759807951.json"
"645900","312320","2025-11-07","38.00","NZD","1759807951","6530/2025-11-07/1759807951.json"
"985111","854657","2025-11-06","38.00","NZD","1759807951","6530/2025-11-06/1759807951.json"
"645900","312320","2025-11-06","38.00","NZD","1759807951","6530/2025-11-06/1759807951.json"
"985111","854657","2025-11-08","38.00","NZD","1759807951","6530/2025-11-08/1759807951.json"
"645900","312320","2025-11-08","38.00","NZD","1759807951","6530/2025-11-08/1759807951.json"
"985111","854657","2025-11-09","38.00","NZD","1759807951","6530/2025-11-09/1759807951.json"
"645900","312320","2025-11-09","38.00","NZD","1759807951","6530/2025-11-09/1759807951.json"
"645900","312320","2025-10-10","35.00","NZD","1759813005","6530/2025-10-10/1759813005.json"
"645900","312320","2025-10-13","35.00","NZD","1759813005","6530/2025-10-13/1759813005.json"
"985111","854657","2025-10-13","35.00","NZD","1759813005","6530/2025-10-13/1759813005.json"
"645900","312320","2025-10-12","35.00","NZD","1759813005","6530/2025-10-12/1759813005.json"
"985111","854657","2025-10-12","35.00","NZD","1759813005","6530/2025-10-12/1759813005.json"
"985111","854657","2025-10-11","35.00","NZD","1759813005","6530/2025-10-11/1759813005.json"
"645900","312320","2025-10-11","35.00","NZD","1759813005","6530/2025-10-11/1759813005.json"
"645900","312320","2025-10-14","35.00","NZD","1759813005","6530/2025-10-14/1759813005.json"
"985111","854657","2025-10-14","35.00","NZD","1759813005","6530/2025-10-14/1759813005.json"
"645900","312320","2025-10-16","35.00","NZD","1759813005","6530/2025-10-16/1759813005.json"
"985111","854657","2025-10-16","35.00","NZD","1759813005","6530/2025-10-16/1759813005.json"
"645900","312320","2025-10-17","35.00","NZD","1759813005","6530/2025-10-17/1759813005.json"
"985111","854657","2025-10-17","35.00","NZD","1759813005","6530/2025-10-17/1759813005.json"
"645900","312320","2025-10-18","35.00","NZD","1759813005","6530/2025-10-18/1759813005.json"
"985111","854657","2025-10-18","35.00","NZD","1759813005","6530/2025-10-18/1759813005.json"
"645900","312320","2025-10-19","35.00","NZD","1759813005","6530/2025-10-19/1759813005.json"
"985111","854657","2025-10-19","35.00","NZD","1759813005","6530/2025-10-19/1759813005.json"
"645900","312320","2025-10-15","35.00","NZD","1759813005","6530/2025-10-15/1759813005.json"
"985111","854657","2025-10-15","35.00","NZD","1759813005","6530/2025-10-15/1759813005.json"
"645900","312320","2025-10-20","35.00","NZD","1759813005","6530/2025-10-20/1759813005.json"
"985111","854657","2025-10-20","35.00","NZD","1759813005","6530/2025-10-20/1759813005.json"
"645900","312320","2025-10-21","35.00","NZD","1759813005","6530/2025-10-21/1759813005.json"
"985111","854657","2025-10-21","35.00","NZD","1759813005","6530/2025-10-21/1759813005.json"
"645900","312320","2025-10-22","35.00","NZD","1759813005","6530/2025-10-22/1759813005.json"
"985111","854657","2025-10-22","35.00","NZD","1759813005","6530/2025-10-22/1759813005.json"
"645900","312320","2025-10-23","35.00","NZD","1759813005","6530/2025-10-23/1759813005.json"
"985111","854657","2025-10-23","35.00","NZD","1759813005","6530/2025-10-23/1759813005.json"
"645900","312320","2025-10-24","35.00","NZD","1759813005","6530/2025-10-24/1759813005.json"
"985111","854657","2025-10-24","35.00","NZD","1759813005","6530/2025-10-24/1759813005.json"
"645900","312320","2025-10-25","35.00","NZD","1759813005","6530/2025-10-25/1759813005.json"
"985111","854657","2025-10-25","35.00","NZD","1759813005","6530/2025-10-25/1759813005.json"
"645900","312320","2025-10-26","35.00","NZD","1759813005","6530/2025-10-26/1759813005.json"
"985111","854657","2025-10-26","35.00","NZD","1759813005","6530/2025-10-26/1759813005.json"
"645900","312320","2025-10-28","35.00","NZD","1759813005","6530/2025-10-28/1759813005.json"
"985111","854657","2025-10-28","35.00","NZD","1759813005","6530/2025-10-28/1759813005.json"
"645900","312320","2025-10-27","35.00","NZD","1759813005","6530/2025-10-27/1759813005.json"
"985111","854657","2025-10-27","35.00","NZD","1759813005","6530/2025-10-27/1759813005.json"
"645900","312320","2025-10-30","35.00","NZD","1759813005","6530/2025-10-30/1759813005.json"
"985111","854657","2025-10-30","35.00","NZD","1759813005","6530/2025-10-30/1759813005.json"
"645900","312320","2025-10-31","35.00","NZD","1759813005","6530/2025-10-31/1759813005.json"
"985111","854657","2025-10-31","42.00","NZD","1759813005","6530/2025-10-31/1759813005.json"
"985111","854657","2025-11-01","38.00","NZD","1759813005","6530/2025-11-01/1759813005.json"
"645900","312320","2025-10-29","35.00","NZD","1759813005","6530/2025-10-29/1759813005.json"
"645900","312320","2025-11-01","38.00","NZD","1759813005","6530/2025-11-01/1759813005.json"
"985111","854657","2025-10-29","35.00","NZD","1759813005","6530/2025-10-29/1759813005.json"
"985111","854657","2025-11-03","38.00","NZD","1759813005","6530/2025-11-03/1759813005.json"
"645900","312320","2025-11-03","38.00","NZD","1759813005","6530/2025-11-03/1759813005.json"
"985111","854657","2025-11-02","38.00","NZD","1759813005","6530/2025-11-02/1759813005.json"
"645900","312320","2025-11-02","38.00","NZD","1759813005","6530/2025-11-02/1759813005.json"
"985111","854657","2025-11-04","38.00","NZD","1759813005","6530/2025-11-04/1759813005.json"
"645900","312320","2025-11-04","38.00","NZD","1759813005","6530/2025-11-04/1759813005.json"
"985111","854657","2025-11-05","38.00","NZD","1759813005","6530/2025-11-05/1759813005.json"
"645900","312320","2025-11-05","38.00","NZD","1759813005","6530/2025-11-05/1759813005.json"
"985111","854657","2025-11-06","38.00","NZD","1759813005","6530/2025-11-06/1759813005.json"
"645900","312320","2025-11-06","38.00","NZD","1759813005","6530/2025-11-06/1759813005.json"
"985111","854657","2025-11-07","38.00","NZD","1759813005","6530/2025-11-07/1759813005.json"
"645900","312320","2025-11-07","38.00","NZD","1759813005","6530/2025-11-07/1759813005.json"
"985111","854657","2025-11-08","38.00","NZD","1759813005","6530/2025-11-08/1759813005.json"
"645900","312320","2025-11-08","38.00","NZD","1759813005","6530/2025-11-08/1759813005.json"
"985111","854657","2025-11-09","38.00","NZD","1759813005","6530/2025-11-09/1759813005.json"
"645900","312320","2025-11-09","38.00","NZD","1759813005","6530/2025-11-09/1759813005.json"
"645900","312320","2025-10-10","35.00","NZD","1759828029","6530/2025-10-10/1759828029.json"
"985111","854657","2025-10-11","35.00","NZD","1759828029","6530/2025-10-11/1759828029.json"
"645900","312320","2025-10-11","35.00","NZD","1759828029","6530/2025-10-11/1759828029.json"
"645900","312320","2025-10-12","35.00","NZD","1759828029","6530/2025-10-12/1759828029.json"
"985111","854657","2025-10-12","35.00","NZD","1759828029","6530/2025-10-12/1759828029.json"
"645900","312320","2025-10-14","35.00","NZD","1759828029","6530/2025-10-14/1759828029.json"
"985111","854657","2025-10-14","35.00","NZD","1759828029","6530/2025-10-14/1759828029.json"
"645900","312320","2025-10-13","35.00","NZD","1759828029","6530/2025-10-13/1759828029.json"
"985111","854657","2025-10-13","35.00","NZD","1759828029","6530/2025-10-13/1759828029.json"
"645900","312320","2025-10-15","35.00","NZD","1759828029","6530/2025-10-15/1759828029.json"
"985111","854657","2025-10-15","35.00","NZD","1759828029","6530/2025-10-15/1759828029.json"
"645900","312320","2025-10-16","35.00","NZD","1759828029","6530/2025-10-16/1759828029.json"
"985111","854657","2025-10-16","35.00","NZD","1759828029","6530/2025-10-16/1759828029.json"
"645900","312320","2025-10-18","35.00","NZD","1759828029","6530/2025-10-18/1759828029.json"
"985111","854657","2025-10-18","35.00","NZD","1759828029","6530/2025-10-18/1759828029.json"
"645900","312320","2025-10-17","35.00","NZD","1759828029","6530/2025-10-17/1759828029.json"
"985111","854657","2025-10-17","35.00","NZD","1759828029","6530/2025-10-17/1759828029.json"
"645900","312320","2025-10-19","35.00","NZD","1759828029","6530/2025-10-19/1759828029.json"
"985111","854657","2025-10-19","35.00","NZD","1759828029","6530/2025-10-19/1759828029.json"
"645900","312320","2025-10-20","35.00","NZD","1759828029","6530/2025-10-20/1759828029.json"
"985111","854657","2025-10-20","35.00","NZD","1759828029","6530/2025-10-20/1759828029.json"
"645900","312320","2025-10-21","35.00","NZD","1759828029","6530/2025-10-21/1759828029.json"
"985111","854657","2025-10-21","35.00","NZD","1759828029","6530/2025-10-21/1759828029.json"
"645900","312320","2025-10-23","35.00","NZD","1759828029","6530/2025-10-23/1759828029.json"
"985111","854657","2025-10-23","35.00","NZD","1759828029","6530/2025-10-23/1759828029.json"
"645900","312320","2025-10-22","35.00","NZD","1759828029","6530/2025-10-22/1759828029.json"
"985111","854657","2025-10-22","35.00","NZD","1759828029","6530/2025-10-22/1759828029.json"
"645900","312320","2025-10-24","35.00","NZD","1759828029","6530/2025-10-24/1759828029.json"
"985111","854657","2025-10-24","35.00","NZD","1759828029","6530/2025-10-24/1759828029.json"
"645900","312320","2025-10-26","35.00","NZD","1759828029","6530/2025-10-26/1759828029.json"
"985111","854657","2025-10-26","35.00","NZD","1759828029","6530/2025-10-26/1759828029.json"
"645900","312320","2025-10-28","35.00","NZD","1759828029","6530/2025-10-28/1759828029.json"
"985111","854657","2025-10-28","35.00","NZD","1759828029","6530/2025-10-28/1759828029.json"
"645900","312320","2025-10-27","35.00","NZD","1759828029","6530/2025-10-27/1759828029.json"
"985111","854657","2025-10-27","35.00","NZD","1759828029","6530/2025-10-27/1759828029.json"
"645900","312320","2025-10-25","35.00","NZD","1759828029","6530/2025-10-25/1759828029.json"
"985111","854657","2025-10-25","35.00","NZD","1759828029","6530/2025-10-25/1759828029.json"
"645900","312320","2025-10-29","35.00","NZD","1759828029","6530/2025-10-29/1759828029.json"
"985111","854657","2025-10-29","35.00","NZD","1759828029","6530/2025-10-29/1759828029.json"
"645900","312320","2025-10-30","35.00","NZD","1759828029","6530/2025-10-30/1759828029.json"
"985111","854657","2025-10-30","35.00","NZD","1759828029","6530/2025-10-30/1759828029.json"
"645900","312320","2025-10-31","35.00","NZD","1759828029","6530/2025-10-31/1759828029.json"
"985111","854657","2025-10-31","42.00","NZD","1759828029","6530/2025-10-31/1759828029.json"
"985111","854657","2025-11-01","38.00","NZD","1759828029","6530/2025-11-01/1759828029.json"
"645900","312320","2025-11-01","38.00","NZD","1759828029","6530/2025-11-01/1759828029.json"
"985111","854657","2025-11-02","38.00","NZD","1759828029","6530/2025-11-02/1759828029.json"
"645900","312320","2025-11-02","38.00","NZD","1759828029","6530/2025-11-02/1759828029.json"
"985111","854657","2025-11-03","38.00","NZD","1759828029","6530/2025-11-03/1759828029.json"
"645900","312320","2025-11-03","38.00","NZD","1759828029","6530/2025-11-03/1759828029.json"
"985111","854657","2025-11-05","38.00","NZD","1759828029","6530/2025-11-05/1759828029.json"
"645900","312320","2025-11-05","38.00","NZD","1759828029","6530/2025-11-05/1759828029.json"
"985111","854657","2025-11-04","38.00","NZD","1759828029","6530/2025-11-04/1759828029.json"
"645900","312320","2025-11-04","38.00","NZD","1759828029","6530/2025-11-04/1759828029.json"
"985111","854657","2025-11-06","38.00","NZD","1759828029","6530/2025-11-06/1759828029.json"
"645900","312320","2025-11-06","38.00","NZD","1759828029","6530/2025-11-06/1759828029.json"
"985111","854657","2025-11-07","38.00","NZD","1759828029","6530/2025-11-07/1759828029.json"
"645900","312320","2025-11-07","38.00","NZD","1759828029","6530/2025-11-07/1759828029.json"
"985111","854657","2025-11-08","38.00","NZD","1759828029","6530/2025-11-08/1759828029.json"
"645900","312320","2025-11-08","38.00","NZD","1759828029","6530/2025-11-08/1759828029.json"
"985111","854657","2025-11-09","38.00","NZD","1759828029","6530/2025-11-09/1759828029.json"
"645900","312320","2025-11-09","38.00","NZD","1759828029","6530/2025-11-09/1759828029.json"
"645900","312320","2025-10-10","35.00","NZD","1759845417","6530/2025-10-10/1759845417.json"
"985111","854657","2025-10-11","35.00","NZD","1759845417","6530/2025-10-11/1759845417.json"
"645900","312320","2025-10-11","35.00","NZD","1759845417","6530/2025-10-11/1759845417.json"
"645900","312320","2025-10-14","35.00","NZD","1759845417","6530/2025-10-14/1759845417.json"
"985111","854657","2025-10-14","35.00","NZD","1759845417","6530/2025-10-14/1759845417.json"
"645900","312320","2025-10-13","35.00","NZD","1759845417","6530/2025-10-13/1759845417.json"
"985111","854657","2025-10-13","35.00","NZD","1759845417","6530/2025-10-13/1759845417.json"
"645900","312320","2025-10-15","35.00","NZD","1759845417","6530/2025-10-15/1759845417.json"
"985111","854657","2025-10-15","35.00","NZD","1759845417","6530/2025-10-15/1759845417.json"
"645900","312320","2025-10-12","35.00","NZD","1759845417","6530/2025-10-12/1759845417.json"
"985111","854657","2025-10-12","35.00","NZD","1759845417","6530/2025-10-12/1759845417.json"
"645900","312320","2025-10-16","35.00","NZD","1759845417","6530/2025-10-16/1759845417.json"
"985111","854657","2025-10-16","35.00","NZD","1759845417","6530/2025-10-16/1759845417.json"
"645900","312320","2025-10-18","35.00","NZD","1759845417","6530/2025-10-18/1759845417.json"
"985111","854657","2025-10-18","35.00","NZD","1759845417","6530/2025-10-18/1759845417.json"
"645900","312320","2025-10-19","35.00","NZD","1759845417","6530/2025-10-19/1759845417.json"
"985111","854657","2025-10-19","35.00","NZD","1759845417","6530/2025-10-19/1759845417.json"
"645900","312320","2025-10-17","35.00","NZD","1759845417","6530/2025-10-17/1759845417.json"
"985111","854657","2025-10-17","35.00","NZD","1759845417","6530/2025-10-17/1759845417.json"
"645900","312320","2025-10-20","35.00","NZD","1759845417","6530/2025-10-20/1759845417.json"
"985111","854657","2025-10-20","35.00","NZD","1759845417","6530/2025-10-20/1759845417.json"
"645900","312320","2025-10-21","35.00","NZD","1759845417","6530/2025-10-21/1759845417.json"
"985111","854657","2025-10-21","35.00","NZD","1759845417","6530/2025-10-21/1759845417.json"
"645900","312320","2025-10-22","35.00","NZD","1759845417","6530/2025-10-22/1759845417.json"
"985111","854657","2025-10-22","35.00","NZD","1759845417","6530/2025-10-22/1759845417.json"
"645900","312320","2025-10-24","35.00","NZD","1759845417","6530/2025-10-24/1759845417.json"
"985111","854657","2025-10-24","35.00","NZD","1759845417","6530/2025-10-24/1759845417.json"
"645900","312320","2025-10-25","35.00","NZD","1759845417","6530/2025-10-25/1759845417.json"
"985111","854657","2025-10-25","35.00","NZD","1759845417","6530/2025-10-25/1759845417.json"
"645900","312320","2025-10-23","35.00","NZD","1759845417","6530/2025-10-23/1759845417.json"
"985111","854657","2025-10-23","35.00","NZD","1759845417","6530/2025-10-23/1759845417.json"
"645900","312320","2025-10-26","35.00","NZD","1759845417","6530/2025-10-26/1759845417.json"
"985111","854657","2025-10-26","35.00","NZD","1759845417","6530/2025-10-26/1759845417.json"
"645900","312320","2025-10-27","35.00","NZD","1759845417","6530/2025-10-27/1759845417.json"
"985111","854657","2025-10-27","35.00","NZD","1759845417","6530/2025-10-27/1759845417.json"
"645900","312320","2025-10-29","35.00","NZD","1759845417","6530/2025-10-29/1759845417.json"
"985111","854657","2025-10-29","35.00","NZD","1759845417","6530/2025-10-29/1759845417.json"
"645900","312320","2025-10-28","35.00","NZD","1759845417","6530/2025-10-28/1759845417.json"
"985111","854657","2025-10-28","35.00","NZD","1759845417","6530/2025-10-28/1759845417.json"
"645900","312320","2025-10-31","35.00","NZD","1759845417","6530/2025-10-31/1759845417.json"
"985111","854657","2025-10-31","42.00","NZD","1759845417","6530/2025-10-31/1759845417.json"
"985111","854657","2025-11-01","38.00","NZD","1759845417","6530/2025-11-01/1759845417.json"
"645900","312320","2025-11-01","38.00","NZD","1759845417","6530/2025-11-01/1759845417.json"
"645900","312320","2025-10-30","35.00","NZD","1759845417","6530/2025-10-30/1759845417.json"
"985111","854657","2025-10-30","35.00","NZD","1759845417","6530/2025-10-30/1759845417.json"
"985111","854657","2025-11-02","38.00","NZD","1759845417","6530/2025-11-02/1759845417.json"
"645900","312320","2025-11-02","38.00","NZD","1759845417","6530/2025-11-02/1759845417.json"
"985111","854657","2025-11-03","38.00","NZD","1759845417","6530/2025-11-03/1759845417.json"
"645900","312320","2025-11-03","38.00","NZD","1759845417","6530/2025-11-03/1759845417.json"
"985111","854657","2025-11-04","38.00","NZD","1759845417","6530/2025-11-04/1759845417.json"
"645900","312320","2025-11-04","38.00","NZD","1759845417","6530/2025-11-04/1759845417.json"
"985111","854657","2025-11-05","38.00","NZD","1759845417","6530/2025-11-05/1759845417.json"
"645900","312320","2025-11-05","38.00","NZD","1759845417","6530/2025-11-05/1759845417.json"
"985111","854657","2025-11-06","38.00","NZD","1759845417","6530/2025-11-06/1759845417.json"
"645900","312320","2025-11-06","38.00","NZD","1759845417","6530/2025-11-06/1759845417.json"
"985111","854657","2025-11-07","38.00","NZD","1759845417","6530/2025-11-07/1759845417.json"
"645900","312320","2025-11-07","38.00","NZD","1759845417","6530/2025-11-07/1759845417.json"
"985111","854657","2025-11-08","38.00","NZD","1759845417","6530/2025-11-08/1759845417.json"
"645900","312320","2025-11-08","38.00","NZD","1759845417","6530/2025-11-08/1759845417.json"
"985111","854657","2025-11-09","38.00","NZD","1759845417","6530/2025-11-09/1759845417.json"
"645900","312320","2025-11-09","38.00","NZD","1759845417","6530/2025-11-09/1759845417.json"
"645900","312320","2025-10-10","35.00","NZD","1759856767","6530/2025-10-10/1759856767.json"
"985111","854657","2025-10-11","35.00","NZD","1759856767","6530/2025-10-11/1759856767.json"
"645900","312320","2025-10-11","35.00","NZD","1759856767","6530/2025-10-11/1759856767.json"
"645900","312320","2025-10-13","35.00","NZD","1759856767","6530/2025-10-13/1759856767.json"
"985111","854657","2025-10-13","35.00","NZD","1759856767","6530/2025-10-13/1759856767.json"
"645900","312320","2025-10-12","35.00","NZD","1759856767","6530/2025-10-12/1759856767.json"
"985111","854657","2025-10-12","35.00","NZD","1759856767","6530/2025-10-12/1759856767.json"
"645900","312320","2025-10-15","35.00","NZD","1759856767","6530/2025-10-15/1759856767.json"
"985111","854657","2025-10-15","35.00","NZD","1759856767","6530/2025-10-15/1759856767.json"
"645900","312320","2025-10-16","35.00","NZD","1759856767","6530/2025-10-16/1759856767.json"
"985111","854657","2025-10-16","35.00","NZD","1759856767","6530/2025-10-16/1759856767.json"
"645900","312320","2025-10-17","35.00","NZD","1759856767","6530/2025-10-17/1759856767.json"
"985111","854657","2025-10-17","35.00","NZD","1759856767","6530/2025-10-17/1759856767.json"
"645900","312320","2025-10-14","35.00","NZD","1759856767","6530/2025-10-14/1759856767.json"
"985111","854657","2025-10-14","35.00","NZD","1759856767","6530/2025-10-14/1759856767.json"
"645900","312320","2025-10-18","35.00","NZD","1759856767","6530/2025-10-18/1759856767.json"
"985111","854657","2025-10-18","35.00","NZD","1759856767","6530/2025-10-18/1759856767.json"
"645900","312320","2025-10-19","35.00","NZD","1759856767","6530/2025-10-19/1759856767.json"
"985111","854657","2025-10-19","35.00","NZD","1759856767","6530/2025-10-19/1759856767.json"
"645900","312320","2025-10-20","35.00","NZD","1759856767","6530/2025-10-20/1759856767.json"
"985111","854657","2025-10-20","35.00","NZD","1759856767","6530/2025-10-20/1759856767.json"
"645900","312320","2025-10-21","35.00","NZD","1759856767","6530/2025-10-21/1759856767.json"
"985111","854657","2025-10-21","35.00","NZD","1759856767","6530/2025-10-21/1759856767.json"
"645900","312320","2025-10-22","35.00","NZD","1759856767","6530/2025-10-22/1759856767.json"
"985111","854657","2025-10-22","35.00","NZD","1759856767","6530/2025-10-22/1759856767.json"
"645900","312320","2025-10-26","35.00","NZD","1759856767","6530/2025-10-26/1759856767.json"
"985111","854657","2025-10-26","35.00","NZD","1759856767","6530/2025-10-26/1759856767.json"
"645900","312320","2025-10-24","35.00","NZD","1759856767","6530/2025-10-24/1759856767.json"
"985111","854657","2025-10-24","35.00","NZD","1759856767","6530/2025-10-24/1759856767.json"
"645900","312320","2025-10-25","35.00","NZD","1759856767","6530/2025-10-25/1759856767.json"
"985111","854657","2025-10-25","35.00","NZD","1759856767","6530/2025-10-25/1759856767.json"
"645900","312320","2025-10-23","35.00","NZD","1759856767","6530/2025-10-23/1759856767.json"
"985111","854657","2025-10-23","35.00","NZD","1759856767","6530/2025-10-23/1759856767.json"
"645900","312320","2025-10-28","35.00","NZD","1759856767","6530/2025-10-28/1759856767.json"
"985111","854657","2025-10-28","35.00","NZD","1759856767","6530/2025-10-28/1759856767.json"
"645900","312320","2025-10-29","35.00","NZD","1759856767","6530/2025-10-29/1759856767.json"
"985111","854657","2025-10-29","35.00","NZD","1759856767","6530/2025-10-29/1759856767.json"
"645900","312320","2025-10-30","35.00","NZD","1759856767","6530/2025-10-30/1759856767.json"
"985111","854657","2025-10-30","35.00","NZD","1759856767","6530/2025-10-30/1759856767.json"
"645900","312320","2025-10-31","35.00","NZD","1759856767","6530/2025-10-31/1759856767.json"
"985111","854657","2025-10-31","42.00","NZD","1759856767","6530/2025-10-31/1759856767.json"
"645900","312320","2025-10-27","35.00","NZD","1759856767","6530/2025-10-27/1759856767.json"
"985111","854657","2025-10-27","35.00","NZD","1759856767","6530/2025-10-27/1759856767.json"
"985111","854657","2025-11-02","38.00","NZD","1759856767","6530/2025-11-02/1759856767.json"
"645900","312320","2025-11-02","38.00","NZD","1759856767","6530/2025-11-02/1759856767.json"
"985111","854657","2025-11-01","38.00","NZD","1759856767","6530/2025-11-01/1759856767.json"
"645900","312320","2025-11-01","38.00","NZD","1759856767","6530/2025-11-01/1759856767.json"
"985111","854657","2025-11-04","38.00","NZD","1759856767","6530/2025-11-04/1759856767.json"
"645900","312320","2025-11-04","38.00","NZD","1759856767","6530/2025-11-04/1759856767.json"
"985111","854657","2025-11-03","38.00","NZD","1759856767","6530/2025-11-03/1759856767.json"
"645900","312320","2025-11-03","38.00","NZD","1759856767","6530/2025-11-03/1759856767.json"
"985111","854657","2025-11-06","38.00","NZD","1759856767","6530/2025-11-06/1759856767.json"
"645900","312320","2025-11-06","38.00","NZD","1759856767","6530/2025-11-06/1759856767.json"
"985111","854657","2025-11-05","38.00","NZD","1759856767","6530/2025-11-05/1759856767.json"
"645900","312320","2025-11-05","38.00","NZD","1759856767","6530/2025-11-05/1759856767.json"
"985111","854657","2025-11-08","38.00","NZD","1759856767","6530/2025-11-08/1759856767.json"
"645900","312320","2025-11-08","38.00","NZD","1759856767","6530/2025-11-08/1759856767.json"
"985111","854657","2025-11-07","38.00","NZD","1759856767","6530/2025-11-07/1759856767.json"
"645900","312320","2025-11-07","38.00","NZD","1759856767","6530/2025-11-07/1759856767.json"
"985111","854657","2025-11-09","38.00","NZD","1759856767","6530/2025-11-09/1759856767.json"
"645900","312320","2025-11-09","38.00","NZD","1759856767","6530/2025-11-09/1759856767.json"
"645900","312320","2025-10-10","35.00","NZD","1759870322","6530/2025-10-10/1759870322.json"
"985111","854657","2025-10-11","35.00","NZD","1759870322","6530/2025-10-11/1759870322.json"
"645900","312320","2025-10-11","35.00","NZD","1759870322","6530/2025-10-11/1759870322.json"
"645900","312320","2025-10-12","35.00","NZD","1759870322","6530/2025-10-12/1759870322.json"
"985111","854657","2025-10-12","35.00","NZD","1759870322","6530/2025-10-12/1759870322.json"
"645900","312320","2025-10-14","35.00","NZD","1759870322","6530/2025-10-14/1759870322.json"
"985111","854657","2025-10-14","35.00","NZD","1759870322","6530/2025-10-14/1759870322.json"
"645900","312320","2025-10-13","35.00","NZD","1759870322","6530/2025-10-13/1759870322.json"
"985111","854657","2025-10-13","35.00","NZD","1759870322","6530/2025-10-13/1759870322.json"
"645900","312320","2025-10-16","35.00","NZD","1759870322","6530/2025-10-16/1759870322.json"
"985111","854657","2025-10-16","35.00","NZD","1759870322","6530/2025-10-16/1759870322.json"
"645900","312320","2025-10-15","35.00","NZD","1759870322","6530/2025-10-15/1759870322.json"
"985111","854657","2025-10-15","35.00","NZD","1759870322","6530/2025-10-15/1759870322.json"
"645900","312320","2025-10-18","35.00","NZD","1759870322","6530/2025-10-18/1759870322.json"
"985111","854657","2025-10-18","35.00","NZD","1759870322","6530/2025-10-18/1759870322.json"
"645900","312320","2025-10-17","35.00","NZD","1759870322","6530/2025-10-17/1759870322.json"
"985111","854657","2025-10-17","35.00","NZD","1759870322","6530/2025-10-17/1759870322.json"
"645900","312320","2025-10-19","35.00","NZD","1759870322","6530/2025-10-19/1759870322.json"
"985111","854657","2025-10-19","35.00","NZD","1759870322","6530/2025-10-19/1759870322.json"
"645900","312320","2025-10-21","35.00","NZD","1759870322","6530/2025-10-21/1759870322.json"
"985111","854657","2025-10-21","35.00","NZD","1759870322","6530/2025-10-21/1759870322.json"
"645900","312320","2025-10-20","35.00","NZD","1759870322","6530/2025-10-20/1759870322.json"
"985111","854657","2025-10-20","35.00","NZD","1759870322","6530/2025-10-20/1759870322.json"
"645900","312320","2025-10-22","35.00","NZD","1759870322","6530/2025-10-22/1759870322.json"
"985111","854657","2025-10-22","35.00","NZD","1759870322","6530/2025-10-22/1759870322.json"
"645900","312320","2025-10-23","35.00","NZD","1759870322","6530/2025-10-23/1759870322.json"
"985111","854657","2025-10-23","35.00","NZD","1759870322","6530/2025-10-23/1759870322.json"
"645900","312320","2025-10-24","35.00","NZD","1759870322","6530/2025-10-24/1759870322.json"
"985111","854657","2025-10-24","35.00","NZD","1759870322","6530/2025-10-24/1759870322.json"
"645900","312320","2025-10-25","35.00","NZD","1759870322","6530/2025-10-25/1759870322.json"
"985111","854657","2025-10-25","35.00","NZD","1759870322","6530/2025-10-25/1759870322.json"
"645900","312320","2025-10-26","35.00","NZD","1759870322","6530/2025-10-26/1759870322.json"
"985111","854657","2025-10-26","35.00","NZD","1759870322","6530/2025-10-26/1759870322.json"
"645900","312320","2025-10-28","35.00","NZD","1759870322","6530/2025-10-28/1759870322.json"
"985111","854657","2025-10-28","35.00","NZD","1759870322","6530/2025-10-28/1759870322.json"
"645900","312320","2025-10-27","35.00","NZD","1759870322","6530/2025-10-27/1759870322.json"
"645900","312320","2025-10-29","35.00","NZD","1759870322","6530/2025-10-29/1759870322.json"
"985111","854657","2025-10-27","35.00","NZD","1759870322","6530/2025-10-27/1759870322.json"
"985111","854657","2025-10-29","35.00","NZD","1759870322","6530/2025-10-29/1759870322.json"
"645900","312320","2025-10-30","35.00","NZD","1759870322","6530/2025-10-30/1759870322.json"
"985111","854657","2025-10-30","35.00","NZD","1759870322","6530/2025-10-30/1759870322.json"
"985111","854657","2025-11-02","38.00","NZD","1759870322","6530/2025-11-02/1759870322.json"
"645900","312320","2025-11-02","38.00","NZD","1759870322","6530/2025-11-02/1759870322.json"
"985111","854657","2025-11-01","38.00","NZD","1759870322","6530/2025-11-01/1759870322.json"
"645900","312320","2025-11-01","38.00","NZD","1759870322","6530/2025-11-01/1759870322.json"
"645900","312320","2025-10-31","35.00","NZD","1759870322","6530/2025-10-31/1759870322.json"
"985111","854657","2025-10-31","42.00","NZD","1759870322","6530/2025-10-31/1759870322.json"
"985111","854657","2025-11-03","38.00","NZD","1759870322","6530/2025-11-03/1759870322.json"
"645900","312320","2025-11-03","38.00","NZD","1759870322","6530/2025-11-03/1759870322.json"
"985111","854657","2025-11-05","38.00","NZD","1759870322","6530/2025-11-05/1759870322.json"
"645900","312320","2025-11-05","38.00","NZD","1759870322","6530/2025-11-05/1759870322.json"
"985111","854657","2025-11-06","38.00","NZD","1759870322","6530/2025-11-06/1759870322.json"
"645900","312320","2025-11-06","38.00","NZD","1759870322","6530/2025-11-06/1759870322.json"
"985111","854657","2025-11-04","38.00","NZD","1759870322","6530/2025-11-04/1759870322.json"
"645900","312320","2025-11-04","38.00","NZD","1759870322","6530/2025-11-04/1759870322.json"
"985111","854657","2025-11-07","38.00","NZD","1759870322","6530/2025-11-07/1759870322.json"
"645900","312320","2025-11-07","38.00","NZD","1759870322","6530/2025-11-07/1759870322.json"
"985111","854657","2025-11-08","38.00","NZD","1759870322","6530/2025-11-08/1759870322.json"
"645900","312320","2025-11-08","38.00","NZD","1759870322","6530/2025-11-08/1759870322.json"
"985111","854657","2025-11-09","38.00","NZD","1759870322","6530/2025-11-09/1759870322.json"
"645900","312320","2025-11-09","38.00","NZD","1759870322","6530/2025-11-09/1759870322.json"
"645900","312320","2025-10-10","35.00","NZD","1759893824","6530/2025-10-10/1759893824.json"
"985111","854657","2025-10-11","35.00","NZD","1759893824","6530/2025-10-11/1759893824.json"
"645900","312320","2025-10-11","35.00","NZD","1759893824","6530/2025-10-11/1759893824.json"
"645900","312320","2025-10-14","35.00","NZD","1759893824","6530/2025-10-14/1759893824.json"
"985111","854657","2025-10-14","35.00","NZD","1759893824","6530/2025-10-14/1759893824.json"
"645900","312320","2025-10-15","35.00","NZD","1759893824","6530/2025-10-15/1759893824.json"
"985111","854657","2025-10-15","35.00","NZD","1759893824","6530/2025-10-15/1759893824.json"
"645900","312320","2025-10-12","35.00","NZD","1759893824","6530/2025-10-12/1759893824.json"
"985111","854657","2025-10-12","35.00","NZD","1759893824","6530/2025-10-12/1759893824.json"
"645900","312320","2025-10-13","35.00","NZD","1759893824","6530/2025-10-13/1759893824.json"
"985111","854657","2025-10-13","35.00","NZD","1759893824","6530/2025-10-13/1759893824.json"
"645900","312320","2025-10-17","35.00","NZD","1759893824","6530/2025-10-17/1759893824.json"
"985111","854657","2025-10-17","35.00","NZD","1759893824","6530/2025-10-17/1759893824.json"
"645900","312320","2025-10-16","35.00","NZD","1759893824","6530/2025-10-16/1759893824.json"
"985111","854657","2025-10-16","35.00","NZD","1759893824","6530/2025-10-16/1759893824.json"
"645900","312320","2025-10-18","35.00","NZD","1759893824","6530/2025-10-18/1759893824.json"
"985111","854657","2025-10-18","35.00","NZD","1759893824","6530/2025-10-18/1759893824.json"
"645900","312320","2025-10-19","35.00","NZD","1759893824","6530/2025-10-19/1759893824.json"
"985111","854657","2025-10-19","35.00","NZD","1759893824","6530/2025-10-19/1759893824.json"
"645900","312320","2025-10-20","35.00","NZD","1759893824","6530/2025-10-20/1759893824.json"
"985111","854657","2025-10-20","35.00","NZD","1759893824","6530/2025-10-20/1759893824.json"
"645900","312320","2025-10-22","35.00","NZD","1759893824","6530/2025-10-22/1759893824.json"
"985111","854657","2025-10-22","35.00","NZD","1759893824","6530/2025-10-22/1759893824.json"
"645900","312320","2025-10-21","35.00","NZD","1759893824","6530/2025-10-21/1759893824.json"
"985111","854657","2025-10-21","35.00","NZD","1759893824","6530/2025-10-21/1759893824.json"
"645900","312320","2025-10-23","35.00","NZD","1759893824","6530/2025-10-23/1759893824.json"
"985111","854657","2025-10-23","35.00","NZD","1759893824","6530/2025-10-23/1759893824.json"
"645900","312320","2025-10-25","35.00","NZD","1759893824","6530/2025-10-25/1759893824.json"
"985111","854657","2025-10-25","35.00","NZD","1759893824","6530/2025-10-25/1759893824.json"
"645900","312320","2025-10-24","35.00","NZD","1759893824","6530/2025-10-24/1759893824.json"
"985111","854657","2025-10-24","35.00","NZD","1759893824","6530/2025-10-24/1759893824.json"
"645900","312320","2025-10-26","35.00","NZD","1759893824","6530/2025-10-26/1759893824.json"
"985111","854657","2025-10-26","35.00","NZD","1759893824","6530/2025-10-26/1759893824.json"
"645900","312320","2025-10-27","35.00","NZD","1759893824","6530/2025-10-27/1759893824.json"
"985111","854657","2025-10-27","35.00","NZD","1759893824","6530/2025-10-27/1759893824.json"
"645900","312320","2025-10-29","35.00","NZD","1759893824","6530/2025-10-29/1759893824.json"
"985111","854657","2025-10-29","35.00","NZD","1759893824","6530/2025-10-29/1759893824.json"
"645900","312320","2025-10-30","35.00","NZD","1759893824","6530/2025-10-30/1759893824.json"
"985111","854657","2025-10-30","35.00","NZD","1759893824","6530/2025-10-30/1759893824.json"
"645900","312320","2025-10-31","35.00","NZD","1759893824","6530/2025-10-31/1759893824.json"
"985111","854657","2025-10-31","42.00","NZD","1759893824","6530/2025-10-31/1759893824.json"
"985111","854657","2025-11-02","38.00","NZD","1759893824","6530/2025-11-02/1759893824.json"
"645900","312320","2025-11-02","38.00","NZD","1759893824","6530/2025-11-02/1759893824.json"
"985111","854657","2025-11-03","38.00","NZD","1759893824","6530/2025-11-03/1759893824.json"
"645900","312320","2025-11-03","38.00","NZD","1759893824","6530/2025-11-03/1759893824.json"
"985111","854657","2025-11-01","38.00","NZD","1759893824","6530/2025-11-01/1759893824.json"
"645900","312320","2025-11-01","38.00","NZD","1759893824","6530/2025-11-01/1759893824.json"
"645900","312320","2025-10-28","35.00","NZD","1759893824","6530/2025-10-28/1759893824.json"
"985111","854657","2025-10-28","35.00","NZD","1759893824","6530/2025-10-28/1759893824.json"
"985111","854657","2025-11-05","38.00","NZD","1759893824","6530/2025-11-05/1759893824.json"
"645900","312320","2025-11-05","38.00","NZD","1759893824","6530/2025-11-05/1759893824.json"
"985111","854657","2025-11-06","38.00","NZD","1759893824","6530/2025-11-06/1759893824.json"
"645900","312320","2025-11-06","38.00","NZD","1759893824","6530/2025-11-06/1759893824.json"
"985111","854657","2025-11-04","38.00","NZD","1759893824","6530/2025-11-04/1759893824.json"
"645900","312320","2025-11-04","38.00","NZD","1759893824","6530/2025-11-04/1759893824.json"
"985111","854657","2025-11-07","38.00","NZD","1759893824","6530/2025-11-07/1759893824.json"
"645900","312320","2025-11-07","38.00","NZD","1759893824","6530/2025-11-07/1759893824.json"
"985111","854657","2025-11-09","38.00","NZD","1759893824","6530/2025-11-09/1759893824.json"
"645900","312320","2025-11-09","38.00","NZD","1759893824","6530/2025-11-09/1759893824.json"
"985111","854657","2025-11-08","38.00","NZD","1759893824","6530/2025-11-08/1759893824.json"
"645900","312320","2025-11-08","38.00","NZD","1759893824","6530/2025-11-08/1759893824.json"
